date,news_tda_score
2017-10-09,
2017-10-10,
2017-10-11,
2017-10-12,
2017-10-13,
2017-10-14,
2017-10-15,
2017-10-16,
2017-10-17,
2017-10-18,
2017-10-19,
2017-10-20,
2017-10-21,
2017-10-22,
2017-10-23,
2017-10-24,
2017-10-25,
2017-10-26,
2017-10-27,
2017-10-28,
2017-10-29,
2017-10-30,
2017-10-31,
2017-11-01,
2017-11-02,
2017-11-03,
2017-11-04,
2017-11-05,
2017-11-06,
2017-11-07,
2017-11-08,
2017-11-09,
2017-11-10,
2017-11-11,
2017-11-12,
2017-11-13,
2017-11-14,
2017-11-15,
2017-11-16,
2017-11-17,
2017-11-18,
2017-11-19,
2017-11-20,
2017-11-21,
2017-11-22,
2017-11-23,
2017-11-24,
2017-11-25,
2017-11-26,
2017-11-27,
2017-11-28,
2017-11-29,
2017-11-30,
2017-12-01,
2017-12-02,
2017-12-03,
2017-12-04,
2017-12-05,
2017-12-06,
2017-12-07,0.4735119968185531
2017-12-08,0.33042013415730764
2017-12-09,-1.2052015067997703
2017-12-10,-1.5356878954522186
2017-12-11,0.8182652740088174
2017-12-12,0.29359281519130176
2017-12-13,0.8912829189566341
2017-12-14,1.0406107674151268
2017-12-15,0.3328108052727315
2017-12-16,-0.9406482516984542
2017-12-17,-1.4136512070460894
2017-12-18,0.4210092409289042
2017-12-19,1.0057978132487915
2017-12-20,2.3016243276212465
2017-12-21,1.0362642442103704
2017-12-22,1.83064611560673
2017-12-23,-0.9321276266715611
2017-12-24,-1.2715045478285967
2017-12-25,0.9470195278714731
2017-12-26,0.7045720880773275
2017-12-27,1.336730958511171
2017-12-28,1.3632233571327566
2017-12-29,0.7860393313220254
2017-12-30,-1.3279637229283536
2017-12-31,-1.72319205210938
2018-01-01,-1.418712683853368
2018-01-02,0.8064790156108027
2018-01-03,1.1159146556195396
2018-01-04,0.5358199081217981
2018-01-05,1.2748421250523392
2018-01-06,-1.0074901753252101
2018-01-07,-1.4699189218159678
2018-01-08,1.9762155246020434
2018-01-09,0.6288056349638983
2018-01-10,0.9695683727197755
2018-01-11,1.6645851408844383
2018-01-12,1.3830737602015384
2018-01-13,-0.645648311036375
2018-01-14,-1.436729770435083
2018-01-15,1.129489875717097
2018-01-16,0.774584618161137
2018-01-17,0.8056068917325973
2018-01-18,1.0707138903051006
2018-01-19,-0.7696590426146009
2018-01-22,-0.48619120865852483
2018-01-23,0.7069334050921707
2018-01-24,0.5611687649378023
2018-01-25,0.8862742181126736
2018-01-26,0.9942370555132428
2018-01-27,-0.6926640970631466
2018-01-28,-1.3300420554068217
2018-01-29,0.9325030508853362
2018-01-30,0.8126001586992172
2018-01-31,0.9913718595037232
2018-02-01,0.8092569906998361
2018-02-02,0.685483659188565
2018-02-03,-1.2762145846747959
2018-02-04,-1.502604990237378
2018-02-05,0.33504450403923247
2018-02-06,-0.19935793142153108
2018-02-07,0.31827818056770385
2018-02-08,2.4007465176954037
2018-02-09,1.673864356009809
2018-02-10,-1.0937374673548903
2018-02-11,-0.3247973465655549
2018-02-12,0.9582369447337367
2018-02-13,1.1101301722916237
2018-02-14,0.8316952736328257
2018-02-15,-1.4710415368632572
2018-02-16,-1.0807976140866846
2018-02-17,-1.6182767473565296
2018-02-18,-1.1366255737944486
2018-02-19,-0.5624257352921322
2018-02-20,-1.5603847888652633
2018-02-21,-1.2476843496535928
2018-02-22,0.48188311344135176
2018-02-23,1.5761936275768107
2018-02-24,-0.004919426257232549
2018-02-25,-1.3973125257411403
2018-02-26,0.8588905251767307
2018-02-27,1.1180128376902314
2018-02-28,1.2711200845810275
2018-03-01,1.3881143895093269
2018-03-02,0.7217581753794422
2018-03-03,-1.2351908359468753
2018-03-04,-1.3710780991420932
2018-03-05,0.4031188828093485
2018-03-06,0.006022255440445615
2018-03-07,0.36543642303007257
2018-03-08,0.6666541118791439
2018-03-09,0.4403003809339458
2018-03-10,-1.4318778613705574
2018-03-11,-1.4655001847916587
2018-03-12,1.2870227579343132
2018-03-13,0.42451550795370524
2018-03-14,1.4762678608296746
2018-03-15,0.852423402976326
2018-03-16,0.8270385250261267
2018-03-17,-0.8059887603791758
2018-03-18,-1.7662669658706642
2018-03-19,1.113271923862182
2018-03-20,0.8048239883361455
2018-03-21,0.9803565243412551
2018-03-22,0.375754389740374
2018-03-23,0.5889962886984799
2018-03-24,-1.2833629458249844
2018-03-25,-1.4137995243326826
2018-03-26,1.1176916611872592
2018-03-27,1.5239700100867501
2018-03-28,0.604147565928963
2018-03-29,0.5266279735400761
2018-03-30,0.255026926571962
2018-03-31,-1.1034769877320902
2018-04-01,-1.5133858423887314
2018-04-02,0.8004497985287338
2018-04-03,0.5003423223656474
2018-04-04,0.6863895124804811
2018-04-05,-1.2622846542554043
2018-04-06,-1.592192925444447
2018-04-07,-1.3476638901436373
2018-04-08,-0.5109691830602102
2018-04-09,0.6953756903582933
2018-04-10,0.8707764326510686
2018-04-11,0.466833008246816
2018-04-12,1.2883412573591506
2018-04-13,0.7045191169372009
2018-04-14,-1.0589826330719996
2018-04-15,-1.689201612726301
2018-04-16,1.6766097718766544
2018-04-17,0.647974761692607
2018-04-18,0.19773183145834297
2018-04-19,0.627599820503004
2018-04-20,1.0008534426997782
2018-04-21,-1.1594281654639726
2018-04-22,-1.6087157297771695
2018-04-23,0.6122104787686757
2018-04-24,0.801454685640839
2018-04-25,0.829144998519726
2018-04-26,0.6267069532801344
2018-04-27,0.29150609442468384
2018-04-28,-0.09389306173908281
2018-04-29,-1.2048604739411954
2018-04-30,-1.414929747763419
2018-05-01,-1.313204799770482
2018-05-02,-0.7299465363058464
2018-05-03,0.09124682329245129
2018-05-04,1.04636818948636
2018-05-05,-0.7897749436564074
2018-05-06,-1.1931184705084774
2018-05-07,0.7057835080620831
2018-05-08,1.1087551169719445
2018-05-09,1.2331325860326434
2018-05-10,1.0188708413390548
2018-05-11,1.208546095926131
2018-05-12,-0.9518852318041425
2018-05-13,-1.6075951129792327
2018-05-14,0.5430111197278473
2018-05-15,0.7649819601921326
2018-05-16,1.5752332976447216
2018-05-17,0.8020434593134852
2018-05-18,1.5067052579088125
2018-05-19,-0.48950313427052283
2018-05-20,-1.482136916266566
2018-05-21,0.47319226441965784
2018-05-22,0.07859362916689608
2018-05-23,0.3479763157639303
2018-05-24,0.7438880232306058
2018-05-25,0.5309508442312691
2018-05-26,-0.5572725901478632
2018-05-27,-1.5342356034709523
2018-05-28,0.29564400456332873
2018-05-29,0.6497450975649539
2018-05-30,0.233171377841379
2018-05-31,0.3895961919037555
2018-06-01,0.9825266201262312
2018-06-02,-0.8228588936430211
2018-06-03,-1.4366355983570192
2018-06-04,0.48328745465536416
2018-06-05,1.1833426686095996
2018-06-06,1.0623860940980867
2018-06-07,1.0967273813318985
2018-06-08,0.13356329179107393
2018-06-09,-0.8788546191897914
2018-06-10,-1.7389527916855685
2018-06-11,0.19708495635010811
2018-06-12,1.0357800251123042
2018-06-13,1.1080466479138866
2018-06-14,0.2703490287835414
2018-06-15,0.4969742877069533
2018-06-16,-1.329151740881313
2018-06-17,-1.7001465371566498
2018-06-18,-1.358494363360659
2018-06-19,0.6341814147964097
2018-06-20,0.6902222243568257
2018-06-21,0.503430046385839
2018-06-22,0.3359478819608943
2018-06-23,-0.950591700192501
2018-06-24,-1.516422249494299
2018-06-25,1.4185760555525821
2018-06-26,0.7711912317059199
2018-06-27,0.48526922463185945
2018-06-28,0.7126737571571832
2018-06-29,0.6143993386055725
2018-06-30,-0.9606626442605606
2018-07-01,-1.582817149378266
2018-07-02,1.08661252103519
2018-07-03,1.0707518218839303
2018-07-04,0.35785330605092514
2018-07-05,0.10627488551785479
2018-07-06,1.1079247596098998
2018-07-07,-0.9704041708445029
2018-07-08,-1.5954306841277877
2018-07-09,0.6355481726826309
2018-07-10,0.8194702808887655
2018-07-11,1.329472274882466
2018-07-12,0.9014477927343238
2018-07-13,1.2642791852986695
2018-07-14,-0.5798377001967425
2018-07-15,-1.194681996067929
2018-07-16,0.620319550999965
2018-07-17,0.5802005428152477
2018-07-18,1.0614990601164427
2018-07-19,1.0285039790185
2018-07-20,0.9294797775663904
2018-07-21,-1.0163418270763485
2018-07-22,-1.7899943083747818
2018-07-23,-0.4950238492607805
2018-07-24,0.4822785538607877
2018-07-25,0.5291632601491106
2018-07-26,1.0805039407122223
2018-07-27,0.9983650601071481
2018-07-28,-0.837245906586553
2018-07-29,-1.6673856252894819
2018-07-30,0.5980705411610006
2018-07-31,0.4845462088282332
2018-08-01,1.1766348305375742
2018-08-02,0.23396019136765583
2018-08-03,0.7669035942128407
2018-08-04,-1.2466170740382796
2018-08-05,-1.5968645013972118
2018-08-06,0.7379955921154427
2018-08-07,0.5360638547682063
2018-08-08,0.9400679775304421
2018-08-09,0.9116741495532681
2018-08-10,1.4208616788193356
2018-08-11,-0.7466116036233661
2018-08-12,-1.656967752769436
2018-08-13,0.7076648355527685
2018-08-14,1.3034110535045844
2018-08-15,0.4754836597585758
2018-08-16,1.2054518468725006
2018-08-17,0.7897426061936775
2018-08-18,-1.0193723786767253
2018-08-19,-1.7849524858355692
2018-08-20,0.9563638795755465
2018-08-21,1.0934898967578097
2018-08-22,0.9842047205623945
2018-08-23,0.13851550954643427
2018-08-24,0.8706628838285266
2018-08-25,-0.9985168912295557
2018-08-26,-1.7220689151174475
2018-08-27,0.6861483077512278
2018-08-28,0.9488625148130693
2018-08-29,1.3632792049527012
2018-08-30,0.9294052181610727
2018-08-31,0.8706120763070241
2018-09-01,-0.9566060883729931
2018-09-02,-1.6704619748762934
2018-09-03,0.9780052797910342
2018-09-04,0.904323945917313
2018-09-05,0.7636152600678185
2018-09-06,1.752913794844522
2018-09-07,1.5585035658465014
2018-09-08,-0.8809816982709247
2018-09-09,-1.745798470212284
2018-09-10,1.6873185673691817
2018-09-11,1.64284349741082
2018-09-12,1.1529719572380208
2018-09-13,0.9116325343953089
2018-09-14,1.4336755870244353
2018-09-15,-1.0577877529210589
2018-09-16,-1.4282659334492516
2018-09-17,1.2598185235208672
2018-09-18,1.0884977362706791
2018-09-19,1.1002608025558176
2018-09-20,0.8205635868132539
2018-09-21,0.6540800703270041
2018-09-22,-1.0654008200186087
2018-09-23,-1.6892551322874263
2018-09-24,-1.3073375932782954
2018-09-25,1.197588321401428
2018-09-26,1.1868113269984952
2018-09-27,1.1359431259193005
2018-09-28,0.8899836325983321
2018-09-29,0.3656175687228259
2018-09-30,-0.5696235569332613
2018-10-01,-1.1405707939797172
2018-10-02,-1.7392075872563635
2018-10-03,-1.13669992958603
2018-10-04,-1.0900287545190226
2018-10-05,-1.4966900676494053
2018-10-06,-1.6847834057948394
2018-10-07,-1.4573252699551569
2018-10-08,0.7011283542689627
2018-10-09,1.1183150621214206
2018-10-10,1.138957335022371
2018-10-11,0.4275907830636261
2018-10-12,0.8807870333049959
2018-10-13,-0.8721514005208014
2018-10-14,-1.6170507863519312
2018-10-15,0.9006844576992303
2018-10-16,1.2585801345746135
2018-10-17,0.6753682043562798
2018-10-18,0.6909070878638499
2018-10-19,0.3924282534469831
2018-10-20,-1.259214353861432
2018-10-21,-1.6056394552473117
2018-10-22,0.3879971091863531
2018-10-23,0.6373433450187739
2018-10-24,0.8477660361417505
2018-10-25,0.4800095724369647
2018-10-26,0.37225177618784105
2018-10-27,-0.4983416550694114
2018-10-28,-1.620158494666059
2018-10-29,-0.6937259122994284
2018-11-08,0.27028822518637535
2018-11-09,-0.2295499443237665
2018-11-10,-0.9789182617565896
2018-11-11,-1.7430212944003283
2018-11-12,0.47377984938985407
2018-11-13,0.3810528037834671
2018-11-14,0.07868873157050461
2018-11-15,0.4602453102409247
2018-11-16,0.16776997801188354
2018-11-17,-1.182835853146046
2018-11-18,-1.6154610998532497
2018-11-19,0.8264022805587289
2018-11-20,0.8582288359069089
2018-11-21,0.7849007195162024
2018-11-22,0.7318771421296878
2018-11-23,1.3034123297851998
2018-11-24,-0.9047899229991756
2018-11-25,-1.7207325170825016
2018-11-26,0.9210063944175423
2018-11-27,0.46320553947242343
2018-11-28,0.2833437564255049
2018-11-29,0.9111833341144081
2018-11-30,1.0485633323017098
2018-12-01,-0.7047883397126273
2018-12-02,-1.7827075253853608
2018-12-03,0.5358487606063457
2018-12-04,0.5260298747432925
2018-12-05,1.259284104364647
2018-12-06,0.35229961135233595
2018-12-07,0.9300546232328686
2018-12-08,-0.7858914535243601
2018-12-09,-1.5355441379056278
2018-12-10,0.5469116863642297
2018-12-11,1.0679384570631727
2018-12-12,0.9641589245412473
2018-12-13,0.8954942561503332
2018-12-14,0.8314297301948522
2018-12-15,-0.9542209344982595
2018-12-16,-1.6364102470064672
2018-12-17,0.9933192731107447
2018-12-18,0.8396881483148692
2018-12-19,0.32163581862996055
2018-12-20,0.2939681198660286
2018-12-21,0.030294866227948566
2018-12-22,-1.161555609057099
2018-12-23,-1.8033192595981333
2018-12-24,0.3529386996882291
2018-12-25,0.22965640257635586
2018-12-26,0.31833099871422593
2018-12-27,0.2880929619227321
2018-12-28,0.06359341427045474
2018-12-29,-0.0329098120360573
2018-12-30,-1.606533426982485
2018-12-31,-1.370659037642871
2019-01-01,-1.531610883700725
2019-01-02,0.07187534643184365
2019-01-03,-0.33510312789176594
2019-01-04,0.24723216524999422
2019-01-05,-1.2403844803489936
2019-01-06,-1.8223124137566569
2019-01-07,0.39173856092270737
2019-01-08,1.5146469686780826
2019-01-09,0.7764644249702307
2019-01-10,1.5250323222044604
2019-01-11,1.0348211663889897
2019-01-12,-1.0303336871976079
2019-01-13,-1.7184182695956598
2019-01-14,-0.41704754294124335
2019-01-15,0.541046325894818
2019-01-16,-0.3676608072986157
2019-01-17,0.847296536269199
2019-01-18,-0.09974247348416686
2019-01-19,-1.0251412079511832
2019-01-20,-1.762256919462786
2019-01-21,0.15947679695442182
2019-01-22,0.7192758651426292
2019-01-23,1.5458862695822464
2019-01-24,1.0506733990454518
2019-01-25,1.0370490868506095
2019-01-26,-0.4079103582162509
2019-01-27,-1.5510739098695872
2019-01-28,0.7427268613012282
2019-01-29,0.3134426405945178
2019-01-30,0.7386134404488309
2019-01-31,0.08378969827881998
2019-02-01,-0.23057249134471747
2019-02-02,-0.5621152061615763
2019-02-03,-1.0016841037957256
2019-02-04,-1.612906048301073
2019-02-05,-1.5096303336396488
2019-02-06,-1.3572871621248792
2019-02-07,-1.5519013748194137
2019-02-08,-1.649816828282108
2019-02-09,-1.5382744619085917
2019-02-10,-1.5733168214340134
2019-02-11,0.1126353570135696
2019-02-12,0.5211609992511146
2019-02-13,1.1817709958785798
2019-02-14,2.060884763101128
2019-02-15,0.4832284731212667
2019-02-16,-0.6284399181016291
2019-02-17,-1.6046082171482097
2019-02-18,-0.4344841579489034
2019-02-19,0.9624212983599818
2019-02-20,-0.4178218558272813
2019-02-21,-0.3378510967224579
2019-02-22,1.0634328183542798
2019-02-23,-0.940283555836956
2019-02-24,-1.4693404082247008
2019-02-25,0.276760085187074
2019-02-26,0.7341696282656559
2019-02-27,-0.5360539878840784
2019-02-28,-0.246742426395214
2019-03-01,1.2278621269835348
2019-03-02,-0.9361571609069337
2019-03-03,-1.5947398819647232
2019-03-04,0.7137669579130634
2019-03-05,0.7447851528820902
2019-03-06,0.7883500251517191
2019-03-07,0.852704382231039
2019-03-08,0.06449274961463726
2019-03-09,-1.1123359930863073
2019-03-10,-1.5685743815245654
2019-03-11,0.4721634382664673
2019-03-12,0.8238297510192112
2019-03-13,-0.25979097823103886
2019-03-14,1.1217924151147611
2019-03-15,1.0260153909444485
2019-03-16,-1.202789078057736
2019-03-17,-1.7099346173395307
2019-03-18,0.28366618138185196
2019-03-19,0.6077729266878051
2019-03-20,0.9732522981383297
2019-03-21,0.5671143570307252
2019-03-22,0.4253053375838001
2019-03-23,-0.8566488704187736
2019-03-24,-1.6303449080359473
2019-03-25,0.635811062252764
2019-03-26,0.5662918761111443
2019-03-27,1.136020161895795
2019-03-28,0.8020664517516621
2019-03-29,0.9081628736263606
2019-03-30,-1.129280547952048
2019-03-31,-1.633550406797137
2019-04-01,1.008769371526348
2019-04-02,1.0179754130283276
2019-04-03,0.7042725971951754
2019-04-04,0.945466204544801
2019-04-05,-0.7088937590832028
2019-04-06,-1.381000299396272
2019-04-07,-1.6325750261765404
2019-04-08,1.0830096779606528
2019-04-09,0.6755697645120738
2019-04-10,0.8307078456201024
2019-04-11,1.5438232448488094
2019-04-12,1.0011300608226132
2019-04-13,-1.2600472404112137
2019-04-14,-1.6314145477745066
2019-04-15,0.8744683612139772
2019-04-16,0.9206409529441671
2019-04-17,0.7020132017897105
2019-04-18,1.1001741828547724
2019-04-19,1.2619849751986376
2019-04-20,-1.1518108649580445
2019-04-21,-1.5734362414472935
2019-04-22,0.14586139979053808
2019-04-23,0.7755333662232948
2019-04-24,0.7604479185683067
2019-04-25,0.2407715415438305
2019-04-26,0.5504306914766437
2019-04-27,-1.4618367915580774
2019-04-28,0.12496647553231767
2019-04-29,0.2810237627491523
2019-04-30,0.9331499859016728
2019-05-01,-1.3174870375945409
2019-05-02,-1.2906269777727126
2019-05-03,-1.5832219280898774
2019-05-04,-1.4762786101746974
2019-05-05,0.5482296811927825
2019-05-06,-0.800559683762966
2019-05-07,0.144124131351518
2019-05-08,0.5919779608216339
2019-05-09,0.8580556223933231
2019-05-10,1.2309564236412838
2019-05-11,-1.4192194557944202
2019-05-12,-1.6373616311252248
2019-05-13,0.30335781996125133
2019-05-14,0.04399524630158992
2019-05-15,1.05902975990751
2019-05-16,0.8815061992311611
2019-05-17,0.847616251678206
2019-05-18,-1.1399567497988177
2019-05-19,-1.620847789216293
2019-05-20,0.003278294212951701
2019-05-21,0.5676659407192394
2019-05-22,0.6200077184513492
2019-05-23,0.3412517827812774
2019-05-24,0.8018859285427432
2019-05-25,-1.2948688680812284
2019-05-26,-1.159561104990843
2019-05-27,0.8296811270189342
2019-05-28,0.25185660861809755
2019-05-29,1.0513952608500268
2019-05-30,1.1711496866486024
2019-05-31,0.2271242074920711
2019-06-01,-1.2788367884680452
2019-06-02,-1.6645950613708318
2019-06-03,0.2940339628248501
2019-06-04,0.03444161087398544
2019-06-05,0.35590141427494565
2019-06-06,0.1660588016033426
2019-06-07,-1.3216746596699935
2019-06-08,-1.5207312025309125
2019-06-09,-1.6011435657168789
2019-06-10,-0.3383064986057157
2019-06-11,0.8278329647375867
2019-06-12,0.9054326414149724
2019-06-13,0.7323213969253227
2019-06-14,0.8694513416659851
2019-06-15,-1.2800375517281288
2019-06-16,-1.5191294798288664
2019-06-17,0.6468689896200672
2019-06-18,0.6173636318266555
2019-06-19,1.0558175955185376
2019-06-20,0.33680352869598573
2019-06-21,0.46626171251291015
2019-06-22,-1.45617399105046
2019-06-23,-1.593697539986216
2019-06-24,0.8942873536791404
2019-06-25,0.4153783911402444
2019-06-26,0.7824776075512903
2019-06-27,0.5090782576989928
2019-06-28,0.9897083202715214
2019-06-29,-1.237445961637997
2019-06-30,-1.5389928602210137
2019-07-01,0.06976303615061986
2019-07-02,0.5706234007561168
2019-07-03,0.8910065212855438
2019-07-04,0.5593277717409175
2019-07-05,0.7848910903056142
2019-07-06,-1.0437989487108679
2019-07-07,-1.550793740581006
2019-07-08,0.1615095307129753
2019-07-09,0.6966629986871891
2019-07-10,1.029308289064069
2019-07-11,0.8662608230407922
2019-07-13,0.01823358709737261
2019-07-14,-1.5474378064237913
2019-07-15,0.4335240519171605
2019-07-16,0.2435598065869574
2019-07-17,0.6612974730587797
2019-07-18,1.0069286672752256
2019-07-19,0.8364188026382311
2019-07-20,-1.0974918431318388
2019-07-21,-1.6375895122419895
2019-07-22,-0.08448476477510587
2019-07-23,0.666892154217443
2019-07-24,0.2780807551626007
2019-07-25,0.8666757339159211
2019-07-26,0.6041888455756077
2019-07-27,-0.6490876408319886
2019-07-28,-1.6367063871672025
2019-07-29,0.17370953824352295
2019-07-30,0.5044365914973983
2019-07-31,0.7222362570028387
2019-08-01,0.8399769127344658
2019-08-02,0.5030592489503379
2019-08-03,-1.4862030947450746
2019-08-04,-1.594024823202158
2019-08-05,1.1892276747665158
2019-08-06,1.5842699277177774
2019-08-07,1.7773758941366136
2019-08-08,1.1463446486473525
2019-08-09,0.8076892283319962
2019-08-10,-0.9582354320182369
2019-08-11,-1.6037116859014269
2019-08-12,0.3532528605451078
2019-08-13,1.057378827361428
2019-08-14,1.2803180832095074
2019-08-15,0.8676212493025645
2019-08-16,1.3518634344918912
2019-08-17,-0.8858400103671598
2019-08-18,-1.556565243330427
2019-08-19,0.40922756592713877
2019-08-20,0.7158563400303652
2019-08-21,0.3871341569972642
2019-08-22,-0.2739008232297297
2019-08-23,1.1161077924061722
2019-08-24,-0.9982686322311444
2019-08-25,-1.5600354982470022
2019-08-26,0.41498583246896414
2019-08-27,0.9858068084820739
2019-08-28,2.0805046683542865
2019-08-29,1.416483164353091
2019-08-30,0.9714420556998444
2019-08-31,-0.3417112345277399
2019-09-01,-1.6275113005529582
2019-09-02,1.0790597273874052
2019-09-03,1.1528598769691076
2019-09-04,0.393886223821341
2019-09-05,0.36089815676487236
2019-09-06,1.1391094876891952
2019-09-07,-1.2919843182636312
2019-09-08,-1.5032908209709717
2019-09-09,0.49434819560158055
2019-09-10,0.6213702699016109
2019-09-11,0.4248588392572796
2019-09-12,0.37871417610395436
2019-09-13,-1.299320116343456
2019-09-14,-1.6312921525224224
2019-09-15,-1.5918912111603807
2019-09-16,0.47658504279155495
2019-09-17,0.5089161750043051
2019-09-18,0.6388300495465936
2019-09-19,0.956420369315234
2019-09-20,0.9510778124863957
2019-09-21,-1.0491289619698685
2019-09-22,-1.6180301208012133
2019-09-23,1.1588255590169951
2019-09-24,1.0507828318690189
2019-09-25,1.6282251776804484
2019-09-26,1.5936312438734141
2019-09-27,1.3430483234709867
2019-09-28,-1.0245120362046682
2019-09-29,-0.5444411319749364
2019-09-30,0.5455497792557304
2019-10-01,-1.309367351406433
2019-10-02,-1.5654331875050247
2019-10-03,-1.4487371055358784
2019-10-04,-1.4694272124831307
2019-10-05,-1.5852678589284281
2019-10-06,-1.5273168667489108
2019-10-07,-1.141213978822645
2019-10-08,0.9896505958507487
2019-10-09,0.9601393598777156
2019-10-10,0.46901348455795694
2019-10-11,0.7947049557949053
2019-10-12,-0.013782170092797466
2019-10-13,-1.50030465265456
2019-10-14,0.4894947479485036
2019-10-15,1.198848620064712
2019-10-16,0.6726916621494928
2019-10-17,1.0835449139343771
2019-10-18,1.4967887377726754
2019-10-19,-0.9067812205571348
2019-10-20,-1.6339108451212363
2019-10-21,0.6110293617433434
2019-10-22,1.0349068657428369
2019-10-23,0.9681437808348287
2019-10-24,0.5068817296126068
2019-10-25,0.8136618708238408
2019-10-26,-1.1307237389379374
2019-10-27,-1.5872794357707611
2019-10-28,0.2859132515972322
2019-10-29,1.808343328421981
2019-10-30,1.2443945817192932
2019-10-31,0.28449189845387346
2019-11-01,0.820755660776406
2019-11-02,-1.310441926265501
2019-11-03,-1.5855059833333698
2019-11-04,0.8438343289370616
2019-11-05,1.1507141659740474
2019-11-06,1.1341246073928974
2019-11-07,1.0562451038680385
2019-11-08,1.1705296331550525
2019-11-09,-1.5094966821786249
2019-11-10,-1.388606623749614
2019-11-11,0.9781460794681803
2019-11-12,1.2563722660191665
2019-11-13,1.3857564889163099
2019-11-14,1.0320692875671547
2019-11-15,0.9374875809951557
2019-11-16,-1.3290667481467247
2019-11-17,-1.5620924863558703
2019-11-18,1.0309607249587507
2019-11-19,0.8980387171401611
2019-11-20,0.5860245736213039
2019-11-21,1.0228713555325986
2019-11-22,0.11427129129339933
2019-11-23,-1.3240249837822868
2019-11-24,-1.551008736920888
2019-11-25,0.8388750146184952
2019-11-26,0.27754663302291416
2019-11-27,0.4009679561124403
2019-11-28,0.8174660364442122
2019-11-29,0.8563761070593279
2019-11-30,-1.3418182217075696
2019-12-01,-1.5957954657081974
2019-12-02,0.6929665806216344
2019-12-03,0.6762071554613729
2019-12-04,1.2950613137618758
2019-12-05,0.9988734676421812
2019-12-06,1.1112532109887494
2019-12-07,-1.283930468761555
2019-12-08,-1.3173437974174826
2019-12-09,0.6673466151667771
2019-12-10,0.5982903184766035
2019-12-11,1.103685762732528
2019-12-12,0.5055720629452918
2019-12-13,0.9103035372001254
2019-12-14,-1.359334397717506
2019-12-15,-1.5068190280077098
2019-12-16,0.9977401425571599
2019-12-17,0.7778932337798224
2019-12-18,1.1906987098285307
2019-12-19,1.5959220624009491
2019-12-20,1.6224957091121022
2019-12-21,-1.3044258920586322
2019-12-22,-1.5835177712237019
2019-12-23,0.42855946214203494
2019-12-24,0.6748688205277574
2019-12-25,1.1140271146524208
2019-12-26,1.0972485497827937
2019-12-27,0.5842049080118208
2019-12-28,-1.262836861922925
2019-12-29,-1.5987611025470152
2019-12-30,0.671551051115965
2019-12-31,1.0122319270647515
2020-01-01,-1.3130462374808118
2020-01-02,0.47658389046809607
2020-01-03,0.39675365013458946
2020-01-04,-1.178046672218589
2020-01-05,-1.351073510331264
2020-01-06,0.877288964016949
2020-01-07,0.5793289162667393
2020-01-08,0.7566339279621613
2020-01-09,1.073016443393041
2020-01-10,1.1986529351136999
2020-01-11,-1.1832289569214123
2020-01-12,-1.5843732352056301
2020-01-13,0.5966994129338453
2020-01-14,0.5549466055195501
2020-01-15,1.3783523960348034
2020-01-16,0.5874022726672591
2020-01-17,0.6750650172170548
2020-01-18,-1.2087621502786778
2020-01-19,0.030195871511510458
2020-01-20,0.3057620271591376
2020-01-21,0.3686430962272316
2020-01-22,0.203467338877141
2020-01-23,0.041704413587093814
2020-01-24,-1.4753142268819428
2020-01-25,-1.5434068041667928
2020-01-26,-1.6186594157646395
2020-01-27,-1.3724155898398844
2020-01-28,-1.3796577227614386
2020-01-29,-1.5096262219564507
2020-01-30,-1.3394632488622469
2020-01-31,-0.9277277045076715
2020-02-01,-1.143582665970663
2020-02-02,-1.3151254081430648
2020-02-03,-0.0856233821830505
2020-02-04,-0.45609519823812084
2020-02-05,0.11531836683616807
2020-02-06,0.16418158357754026
2020-02-07,-0.3242229850489282
2020-02-08,-1.3477829221890265
2020-02-09,-1.4892562115101944
2020-02-10,0.1003774463343403
2020-02-11,0.05597019578616042
2020-02-12,0.2960148294133937
2020-02-13,0.5706464914249707
2020-02-14,0.909596031378763
2020-02-15,-1.4288682786458338
2020-02-16,-1.5400020692278573
2020-02-17,0.0853850130222128
2020-02-18,0.3566566848433488
2020-02-19,0.23307848676598658
2020-02-20,0.055712678649753905
2020-02-21,0.2532817040513751
2020-02-22,-1.0836322495762951
2020-02-23,-1.548014083224381
2020-02-24,0.14881050068298182
2020-02-25,0.5121268685290558
2020-02-26,0.18574307253020536
2020-02-27,0.27905070022832323
2020-02-28,0.5548287327300394
2020-02-29,-1.2115229081197014
2020-03-01,-1.0874551740878258
2020-03-02,0.30550902680910536
2020-03-03,1.0789890180536714
2020-03-04,0.1041790214195949
2020-03-05,0.7102602453639493
2020-03-06,0.1355217002954017
2020-03-07,-1.4218302166934993
2020-03-08,-1.3299522834741273
2020-03-09,0.0970195101683485
2020-03-10,0.43292366884551076
2020-03-11,1.1568325240271722
2020-03-12,0.27813015353859394
2020-03-13,0.739992556826297
2020-03-14,-1.101115302140353
2020-03-15,-1.2849180212590596
2020-03-16,-0.14034620528792324
2020-03-17,0.008904346420293476
2020-03-18,0.6807599577732737
2020-03-19,0.21458672844609453
2020-03-20,0.6143002983788217
2020-03-21,-1.0411231952221494
2020-03-22,-1.4766540619721382
2020-03-23,0.34824235475429444
2020-03-24,0.6344134899086653
2020-03-25,0.375931652230568
2020-03-26,0.5534322932706272
2020-03-27,1.0744457800953304
2020-03-28,-1.3397610641359632
2020-03-29,-1.2881622633288459
2020-03-30,0.42814959710014516
2020-03-31,0.5019785985085717
2020-04-01,0.7405823796396636
2020-04-02,0.8411621944913039
2020-04-03,0.27584901247252497
2020-04-04,-1.0743351484278807
2020-04-05,-1.6110658468504442
2020-04-06,-1.1468170576537635
2020-04-07,0.5660245048652488
2020-04-08,0.5404166032645972
2020-04-09,0.12858475060869898
2020-04-10,0.13785848505423198
2020-04-11,-1.15821874462901
2020-04-12,-1.4538141999032712
2020-04-13,0.5412922520255968
2020-04-14,0.9078781713328826
2020-04-15,1.3295365462036666
2020-04-16,0.8800276168855031
2020-04-17,0.21335029216807685
2020-04-18,-1.222185234588592
2020-04-19,-1.4148694369465373
2020-04-20,0.8879980509149848
2020-04-21,0.8593426723753399
2020-04-22,0.6734450867674697
2020-04-23,0.9360321692943762
2020-04-24,0.7323843632500212
2020-04-25,-1.1822357029498178
2020-04-26,-0.08043666029173081
2020-04-27,0.06823324641908379
2020-04-28,0.49339164725145845
2020-04-29,0.512405808501596
2020-04-30,1.1056747893156882
2020-05-01,-1.1144177329869505
2020-05-02,-1.5359635341638658
2020-05-03,-1.5420820922027794
2020-05-04,-1.4121016728971587
2020-05-05,-1.4181452481047738
2020-05-06,0.11830816475199887
2020-05-07,0.216612685071989
2020-05-08,1.0245899589972292
2020-05-09,0.46054067708493
2020-05-10,-1.0695486655709725
2020-05-11,0.8001968214402598
2020-05-12,0.8539664204190153
2020-05-13,0.7867935781142863
2020-05-14,0.2521483768138579
2020-05-15,0.764580772970876
2020-05-16,-1.2057712490173078
2020-05-17,-1.461469564968608
2020-05-18,1.1157094979752438
2020-05-19,0.5404231665444033
2020-05-20,0.8100839471518584
2020-05-21,0.5459326735211337
2020-05-22,0.07959462465287084
2020-05-23,-1.2914869612039703
2020-05-24,-1.3417473827090372
2020-05-25,1.1146809376949598
2020-05-26,0.7961171275965521
2020-05-27,0.46808301660118634
2020-05-28,0.9197735460846099
2020-05-29,0.30414074080364584
2020-05-30,-0.7966795959516128
2020-05-31,-1.426567840801988
2020-06-01,1.1907566958992555
2020-06-02,0.6918763692016298
2020-06-03,0.8265747153578648
2020-06-04,0.7487748929655447
2020-06-05,0.7164067643049378
2020-06-06,-1.0278472011887219
2020-06-07,-1.408814927519148
2020-06-08,0.3837250265625374
2020-06-09,0.604598654671266
2020-06-10,1.4747902335196208
2020-06-11,0.6032545372200662
2020-06-12,-0.8092589066761372
2020-06-13,-1.160435970735483
2020-06-14,-1.5186076735679077
2020-06-15,0.39678508376731947
2020-06-16,1.169751932327258
2020-06-17,0.5146388065322495
2020-06-18,0.9707810543565026
2020-06-19,0.8253120941398427
2020-06-20,-1.4227850244875135
2020-06-21,-1.4816833324312921
2020-06-22,1.0840291831079987
2020-06-23,0.31694832783384075
2020-06-24,1.2099370513019154
2020-06-25,-0.7820767553447582
2020-06-26,-1.4848847395888864
2020-06-27,-1.6277762033748766
2020-06-28,-0.2534881710665538
2020-06-29,0.6275699517264797
2020-06-30,0.41184109763366855
2020-07-01,0.2908668986199991
2020-07-02,0.4172340936452341
2020-07-03,0.8833540293247346
2020-07-04,-1.325480433010576
2020-07-05,-1.4905082132784795
2020-07-06,0.011314960204433221
2020-07-07,0.28906344500769143
2020-07-08,0.2136310789114687
2020-07-09,0.39794445969563674
2020-07-10,0.10421834666150999
2020-07-11,-1.4142225787676639
2020-07-12,-1.3837265482738623
2020-07-13,-0.22041618402146887
2020-07-14,0.23766397009746545
2020-07-15,0.26668625011970987
2020-07-16,0.46083509289064484
2020-07-17,0.12915063165144844
2020-07-18,-1.1690062933158079
2020-07-19,-1.538542922616428
2020-07-20,-0.08457708100855642
2020-07-21,-0.9565422216093288
2020-07-22,-0.5398564498774115
2020-07-23,0.6109790480197543
2020-07-24,0.5425654365603876
2020-07-25,-1.1629320751719525
2020-07-26,-1.5867885520044909
2020-07-27,0.30816867748268717
2020-07-28,0.6439827633958873
2020-07-29,0.5066194694701558
2020-07-30,-0.517022995899908
2020-07-31,-0.28396745376140387
2020-08-01,-1.5936903600381886
2020-08-03,0.1646004223802376
2020-08-04,-0.4016209820319475
2020-08-05,0.8696329372743651
2020-08-06,1.2647998853006286
2020-08-07,0.19243445167452153
2020-08-08,-0.9705234176644061
2020-08-09,-1.4773622596495508
2020-08-10,0.4720618434820266
2020-08-11,0.35355925888591216
2020-08-12,-0.188977571467895
2020-08-13,1.057027630962682
2020-08-14,0.28466420769239686
2020-08-15,-1.2448563823603205
2020-08-16,-1.4890047584833808
2020-08-17,0.43541511097937896
2020-08-18,0.27142159342365696
2020-08-19,0.5693825145710552
2020-08-20,1.0375454265168176
2020-08-21,1.2441307731009195
2020-08-22,-1.165183722136723
2020-08-23,-1.5637281486569126
2020-08-24,0.6806111012675011
2020-08-25,1.037970945835861
2020-08-26,1.0402675018795433
2020-08-27,0.7611738153356843
2020-08-28,0.6925772677689614
2020-08-29,-1.258126506979035
2020-08-30,-1.5168393582655826
2020-08-31,0.6684143653836445
2020-09-01,0.23302517656497063
2020-09-02,0.5667265023417526
2020-09-03,0.8149077873012612
2020-09-04,0.3830066573674547
2020-09-05,-1.3076074500499693
2020-09-06,-1.481628884011397
2020-09-07,0.6687198549457436
2020-09-08,1.6614143613207109
2020-09-09,0.7513419783136361
2020-09-10,0.41015296963247766
2020-09-11,0.23076989178465557
2020-09-12,-1.4093779580925896
2020-09-13,-1.5180702907477126
2020-09-14,0.5028665692586148
2020-09-15,0.9980213119316327
2020-09-16,0.6254284556656359
2020-09-17,0.6494443913118476
2020-09-18,0.856498444704743
2020-09-19,-0.8405336778979352
2020-09-20,-1.5798492896910639
2020-09-21,0.8780200064069724
2020-09-22,0.859686819542342
2020-09-23,0.7797590363543937
2020-09-24,0.6065895796502916
2020-09-25,0.49732021926324954
2020-09-26,-0.838695795214431
2020-09-27,-0.5346487036867664
2020-09-28,0.5247604368330718
2020-09-29,0.6224151023631392
2020-09-30,0.11163118702022301
2020-10-01,-1.287347271220581
2020-10-02,-1.5824193348843008
2020-10-03,-1.6117723198655316
2020-10-04,-1.608919047835798
2020-10-05,-1.137653204293543
2020-10-06,-1.6361207113797058
2020-10-07,-1.5861234353811378
2020-10-08,-1.2807445060378784
2020-10-09,0.24260577767178076
2020-10-10,0.24697495861592925
2020-10-11,-1.446383377089908
2020-10-12,0.4690443210870209
2020-10-13,0.6895423018108756
2020-10-14,1.2144880352143557
2020-10-15,0.8509737535261053
2020-10-16,0.378945234084318
2020-10-17,-0.7430711169446611
2020-10-18,-1.53413036484651
2020-10-19,1.010308933011224
2020-10-20,0.8438948097008151
2020-10-21,1.0830766455484717
2020-10-22,-0.16177220921618815
2020-10-23,0.3292740520743572
2020-10-24,-1.4679559387681247
2020-10-25,-1.5465439731971287
2020-10-26,0.5546914591902223
2020-10-27,0.7586955113912792
2020-10-28,0.4453494803318669
2020-10-29,0.7160432690395948
2020-10-30,0.6282752719209548
2020-10-31,-0.8257188837786776
2020-11-01,-1.593511816997326
2020-11-02,0.30575444805010255
2020-11-03,0.07659594490643735
2020-11-04,-0.21704469888330882
2020-11-05,-0.013255908606926195
2020-11-06,0.8521089641688836
2020-11-07,-1.2062332371364892
2020-11-08,-1.418179402639581
2020-11-09,0.09481233030281205
2020-11-10,0.22877163469489484
2020-11-11,0.25555123202581675
2020-11-12,0.2714305892324869
2020-11-13,0.43864131488527325
2020-11-14,-1.3429083268299797
2020-11-15,-1.6238039554858579
2020-11-16,0.7242478793471694
2020-11-17,0.13375997478431895
2020-11-18,0.7150837489122139
2020-11-19,0.6914570671489411
2020-11-20,0.7963651068681373
2020-11-21,-1.0690863853565693
2020-11-22,-1.4538811509667844
2020-11-23,0.6419978428066048
2020-11-24,1.0444216770988783
2020-11-25,0.8637383775065491
2020-11-26,1.2956771880782108
2020-11-27,0.7918102955091059
2020-11-28,-1.057189912115539
2020-11-29,-1.517546080927222
2020-11-30,0.5346803689338268
2020-12-01,0.217698462618535
2020-12-02,1.2719245732204592
2020-12-03,0.6198184370737676
2020-12-04,0.2400482238627713
2020-12-05,-1.3773216969644784
2020-12-06,-1.4841513467989118
2020-12-07,0.5338718589944808
2020-12-08,0.5891398742708285
2020-12-09,1.4101899941099327
2020-12-10,1.0872289250403122
2020-12-11,0.7141067032534768
2020-12-12,-1.3411810699247106
2020-12-13,-1.5015719939238001
2020-12-14,0.33097268257864115
2020-12-15,0.36852003212750656
2020-12-16,0.29005762617264885
2020-12-17,0.21534162020633327
2020-12-18,0.9232566834662934
2020-12-19,-1.049540239803762
2020-12-20,-1.2857912032232814
2020-12-21,0.7211244995526432
2020-12-22,0.4658561250760167
2020-12-23,0.5079527763337678
2020-12-24,0.7528881206201099
2020-12-25,0.593557705593132
2020-12-26,-1.2367937776714417
2020-12-27,-1.4401502318656503
2020-12-28,0.631438034251889
2020-12-29,0.3081814563027523
2020-12-30,0.1576534881080765
2020-12-31,0.3577582166137704
2021-01-01,-1.5353145171925542
2021-01-02,-1.569754943168348
2021-01-03,-1.592311418017346
2021-01-04,0.3505697488802592
2021-01-05,0.1368657448462714
2021-01-06,0.6498450943911607
2021-01-07,0.3991975056465477
2021-01-08,0.19099539131605928
2021-01-09,-1.0498172354656112
2021-01-10,-1.4286495338210938
2021-01-11,0.8137151682256406
2021-01-12,0.8549525856782482
2021-01-13,0.2635960300753945
2021-01-14,0.13181562975484898
2021-01-15,0.7930583674396732
2021-01-16,-1.0657293789167883
2021-01-17,-1.5613343311473604
2021-01-18,0.7713336983730423
2021-01-19,1.093497321945145
2021-01-20,-0.7781867156754004
2021-01-21,1.1544147188176186
2021-01-22,-0.7900500453266844
2021-01-23,-0.5118624059736065
2021-01-24,-1.590040667003917
2021-01-25,0.42258614989470006
2021-01-26,0.31084234780131736
2021-01-27,0.2547310456811526
2021-01-28,0.9891864402709928
2021-01-29,0.12281398398162036
2021-01-30,-0.8712589434609728
2021-01-31,-1.4597554083071085
2021-02-01,0.32138638247004336
2021-02-02,0.09221234838159359
2021-02-03,-0.23837502983908723
2021-02-04,0.41908985987359804
2021-02-05,0.7493416581833179
2021-02-06,-1.6409305141413801
2021-02-07,-0.9546782116005459
2021-02-08,-1.133493152533747
2021-02-09,-1.2054694706587223
2021-02-10,-1.144995433330653
2021-02-11,-1.5386989905438448
2021-02-12,-1.5880269327868115
2021-02-13,-1.5847217509229867
2021-02-14,-1.612408988030544
2021-02-15,-1.5730503231413593
2021-02-16,-1.5502266765151418
2021-02-17,-1.5098568773910772
2021-02-18,-0.7426347789151246
2021-02-19,-0.9257487287081715
2021-02-20,-1.0777346212996382
2021-02-21,-1.4505798695165035
2021-02-22,-1.156624762426285
2021-02-23,-1.1177158909356293
2021-02-24,-1.3098508299755833
2021-02-25,-0.8859898433651526
2021-02-26,-1.0522289778512792
2021-02-27,-1.4997362433855495
2021-02-28,-1.5162872672358325
2021-03-01,-1.0002323243729419
2021-03-02,-1.0566394302713844
2021-03-03,-1.0980620075951055
2021-03-04,-1.205703406922311
2021-03-05,-1.137511413169348
2021-03-06,-1.3831414650527927
2021-03-07,-1.4284873130805524
2021-03-08,-0.8867446746839598
2021-03-09,-0.92079823527269
2021-03-10,-0.8484709809307238
2021-03-11,-1.053899490764788
2021-03-12,-0.9037295181506487
2021-03-13,-1.3442598718815257
2021-03-14,-1.3877246954705895
2021-03-15,-0.9384094737603221
2021-03-16,-0.6504963416716436
2021-03-17,-0.8741854174331586
2021-03-18,-1.0336089699982154
2021-03-19,-0.8137408266474655
2021-03-20,-1.136360076469124
2021-03-21,-1.2709059752876715
2021-03-22,-0.8090108926925732
2021-03-23,-0.9404386060488086
2021-03-24,-0.9767483491519522
2021-03-25,-0.9633141619507072
2021-03-26,-0.9007439868115681
2021-03-27,-1.1673420580446818
2021-03-28,-1.2734054703891908
2021-03-29,-0.7467862213720361
2021-03-30,-0.6022617049414314
2021-03-31,-0.8196155239287143
2021-04-01,-0.49207365213170656
2021-04-02,-0.8973274293212055
2021-04-03,-1.2948784154971311
2021-04-04,-1.340557901720322
2021-04-05,-1.2008524968151375
2021-04-06,-0.9273021159286299
2021-04-07,-0.8113902769554457
2021-04-08,-0.7805016468208715
2021-04-09,-0.9324758142334088
2021-04-10,-1.071907335152765
2021-04-11,-1.2932987914983998
2021-04-12,-0.7066784217575625
2021-04-13,-0.7142634480206067
2021-04-14,-0.9478589965092316
2021-04-15,-0.9628348570983514
2021-04-16,-0.6956292389903969
2021-04-17,-1.0068043177502393
2021-04-18,-1.2278204004517972
2021-04-19,-0.647653322660805
2021-04-20,-0.8807140085389205
2021-04-21,-0.7810302806032184
2021-04-22,-0.4732688387363907
2021-04-23,-0.7629247774228244
2021-04-24,-1.1771102655669488
2021-04-25,-0.8355989023729633
2021-04-26,-0.4960141025375242
2021-04-27,-0.5370662142216407
2021-04-28,-0.9310622954177074
2021-04-29,-0.5827947836423264
2021-04-30,-0.9532728826309866
2021-05-01,-1.1621752599318138
2021-05-02,-1.1615555325429954
2021-05-03,-1.2015234346266592
2021-05-04,-1.189845406701304
2021-05-05,-1.0111624165685935
2021-05-06,-0.6930482595580788
2021-05-07,-0.6569825154390585
2021-05-08,-0.49175049967230944
2021-05-09,-1.1484751104064916
2021-05-10,-0.5987901474006887
2021-05-11,-0.5504766212514766
2021-05-12,-0.6095176476456047
2021-05-13,-0.45967620388234876
2021-05-14,-0.6318461385298413
2021-05-15,-1.0612148515220894
2021-05-16,-1.0921792260961374
2021-05-17,-0.7933797942113222
2021-05-18,-0.7244588070212472
2021-05-19,-0.6114963832439664
2021-05-20,-0.5158878809769861
2021-05-21,-0.7143995135343656
2021-05-22,-1.0960930632166819
2021-05-23,-1.1303230585316701
2021-05-24,-0.6559021716831918
2021-05-25,-0.29866369020746614
2021-05-26,-0.5943459725630101
2021-05-27,-0.5994506567323852
2021-05-28,-0.21581616472064974
2021-05-29,-0.6873227689472129
2021-05-30,-1.0601615601134817
2021-05-31,-0.4608550578608193
2021-06-01,-0.8166195388703795
2021-06-02,-0.8310165831080878
2021-06-03,-0.4065966273619621
2021-06-04,-0.5434700888606137
2021-06-05,-0.9819223593731956
2021-06-06,-1.017048077116931
2021-06-07,-0.47421611164304
2021-06-08,-0.5163871861049335
2021-06-09,-0.19729288842811038
2021-06-10,-0.8377227365683503
2021-06-11,-0.595154360576704
2021-06-12,-0.8458755361672159
2021-06-13,-1.0769738459509095
2021-06-14,-1.0477659857441266
2021-06-15,-0.387879693004843
2021-06-16,-0.3994450100602862
2021-06-17,-0.5386626341396118
2021-06-18,-0.6615606762891865
2021-06-19,-0.6962750906323825
2021-06-20,-1.0702392938194145
2021-06-21,-0.3598212434545491
2021-06-22,-0.4587955372918035
2021-06-23,-0.3328765263451982
2021-06-24,-0.4391291067730421
2021-06-25,-0.45635242744947596
2021-06-26,-0.7091228489475038
2021-06-27,-0.9867055072601333
2021-06-28,-0.4306162857958329
2021-06-29,-0.614181219319317
2021-06-30,-0.6507292398511249
2021-07-01,-0.2503404851409938
2021-07-02,-0.338348988932573
2021-07-03,-0.7949970609989295
2021-07-04,-0.983297239887654
2021-07-05,-0.23828577439022383
2021-07-06,-0.36439865196558996
2021-07-07,-0.6227285610379124
2021-07-08,-0.4559831473031411
2021-07-09,-0.5669936837810421
2021-07-10,-0.971938800562812
2021-07-11,-0.9728341519745796
2021-07-12,-0.3518026686897501
2021-07-13,0.1121912501701718
2021-07-14,-0.23484283757976715
2021-07-15,-0.37364478692694436
2021-07-16,-0.3024834403310748
2021-07-17,-0.8850007754169819
2021-07-18,-0.9691014138941355
2021-07-19,-0.38141444589861084
2021-07-20,-0.29313981286519314
2021-07-21,-0.4058073117295398
2021-07-22,-0.36939303919535993
2021-07-23,-0.6932342473193379
2021-07-24,-0.5858994988198153
2021-07-25,-0.9111045842059977
2021-07-26,-0.4480169990044019
2021-07-27,-0.40649027155349277
2021-07-28,-0.7931995596557476
2021-07-29,-0.15772078584291666
2021-07-30,-0.5253657945949175
2021-07-31,-0.9594048474814674
2021-08-01,-0.914405492233387
2021-08-02,-0.5337620780213643
2021-08-03,-0.37488072690387064
2021-08-04,-0.2903226443707091
2021-08-05,-0.5090336736060957
2021-08-06,-0.06984001027541502
2021-08-07,-0.8930495955555982
2021-08-08,-0.951327091408822
2021-08-09,-0.36731887842092137
2021-08-10,-0.11311906022728645
2021-08-11,-0.22764618747663123
2021-08-12,-0.23457608874285327
2021-08-13,-0.5597936186817669
2021-08-14,-0.5817587350292062
2021-08-15,-0.8608059090133969
2021-08-16,-0.38077815709564405
2021-08-17,-0.11969797966652913
2021-08-18,-0.3205670947049671
2021-08-19,-0.2944534488069949
2021-08-20,-0.11581721179644934
2021-08-21,-0.5966053313323306
2021-08-22,-0.9415911021128346
2021-08-23,-0.49475384386576277
2021-08-24,-0.18078623364781754
2021-08-25,-0.09198768773467149
2021-08-26,-0.45661539966238857
2021-08-27,-0.223658650727185
2021-08-28,-0.7956939028417384
2021-08-29,-0.9456487792815081
2021-08-30,0.06299866802706922
2021-08-31,-0.4004415030447772
2021-09-01,-0.3400631608371072
2021-09-02,-0.3087193349310833
2021-09-03,-0.07471186396714849
2021-09-04,-0.6874059823639387
2021-09-05,-0.8096929961824955
2021-09-06,-0.1502406278118659
2021-09-07,0.025804111527931297
2021-09-08,-0.14903167645442006
2021-09-09,0.12647701259913746
2021-09-10,0.3528720021492377
2021-09-11,-0.7383428608020316
2021-09-12,-0.5715997148428236
2021-09-13,-0.5946594103277363
2021-09-14,-0.5437627974357753
2021-09-15,-0.2857265327901036
2021-09-18,0.31482836275213827
2021-09-19,-0.9507127559259961
2021-09-20,-0.6686710173286305
2021-09-21,-0.8289908844549475
2021-09-22,-0.5895942306419744
2021-09-24,-0.34496050307578396
2021-09-25,-0.47645718064006065
2021-09-26,-0.4385304555941933
2021-09-28,-0.4870255527820524
2021-09-29,0.04509344883601709
2021-09-30,-0.19236845731947994
2021-10-01,-0.9655961797256946
2021-10-02,-1.0049090062953134
2021-10-03,-1.0551563652205513
2021-10-04,-1.0956082087344188
2021-10-05,-1.0516792993011914
2021-10-06,-0.8360437393219929
2021-10-07,5.7901787359074435
2021-10-08,3.7281876116199615
2021-10-09,3.754815236902161
2021-10-10,-0.5754357372730591
2021-10-11,3.7652277442704736
2021-10-12,3.6793832763388297
2021-10-13,3.8421651262264125
2021-10-14,2.7100487932745176
2021-10-15,3.047482890844483
2021-10-16,-0.2325738385175601
2021-10-17,-0.5164374508337729
2021-10-18,5.542726570260669
2021-10-19,4.123987955105159
2021-10-20,1.9981654151530348
2021-10-21,5.11725762108404
2021-10-22,4.256228388366989
2021-10-23,0.028583031129116445
2021-10-24,-0.8999762794795216
2021-10-25,3.954574818576511
2021-10-26,4.292718482410681
2021-10-27,4.08047233854696
2021-10-28,4.368841661015027
2021-10-29,3.343255145114963
2021-10-30,0.19490893404620754
2021-10-31,-0.7537744384333009
2021-11-01,2.7996727790941214
2021-11-02,3.346327966856706
2021-11-03,3.094677797016681
2021-11-04,3.0236360201140013
2021-11-05,2.7483713884327052
2021-11-06,-0.19301591985202277
2021-11-07,-0.5628537637537451
2021-11-08,2.7048322240960365
2021-11-09,3.2101264709016757
2021-11-10,4.233749123329107
2021-11-11,2.28468803090252
2021-11-12,3.4723698681595656
2021-11-13,-0.22623898890712227
2021-11-14,-0.8469960706219155
2021-11-15,2.318295155527516
2021-11-16,3.040614493462146
2021-11-17,2.4307217539989567
2021-11-18,3.2715601166322656
2021-11-19,3.1100889477453304
2021-11-20,-0.4466908626658896
2021-11-21,-0.5560248622504498
2021-11-22,2.6366495596748614
2021-11-23,3.2335133997746017
2021-11-24,2.64533813184707
2021-11-25,2.2305442784159704
2021-11-26,0.8124354426539933
2021-11-27,1.175157200414397
2021-11-28,-0.39766004057893733
2021-11-29,2.20614160258967
2021-11-30,2.2677816201750245
2021-12-01,0.4010553473197851
2021-12-02,3.2285508869153077
2021-12-03,2.290049421171323
2021-12-04,-0.3032445318482374
2021-12-05,-0.8343632155353652
2021-12-06,1.2450412320995332
2021-12-07,1.3555755704300838
2021-12-08,1.927857426886356
2021-12-09,2.552723627428358
2021-12-10,2.1134301697712874
2021-12-11,-0.5164312278762662
2021-12-12,-0.7151684541935582
2021-12-13,1.6337428229525053
2021-12-14,1.095582975423483
2021-12-15,1.5630926366723128
2021-12-16,1.4166843280931238
2021-12-17,2.309602294541283
2021-12-18,-0.667988787773525
2021-12-19,-0.821078712345531
2021-12-20,1.6242066942629285
2021-12-21,1.2121292153258252
2021-12-22,1.9289082834152922
2021-12-23,2.1459308839741267
2021-12-24,1.8794262216270763
2021-12-25,-0.908868785347895
2021-12-26,-0.74333263567163
2021-12-27,1.8066890174211636
2021-12-28,1.7410147967543965
2021-12-29,1.6878198527818002
2021-12-30,1.713659883162421
2021-12-31,0.8618688387937812
2022-01-01,-0.7319385098806367
2022-01-02,-0.9260793343023546
2022-01-03,-0.3747630238758371
2022-01-04,1.3296886392749896
2022-01-05,1.3436861571189913
2022-01-06,0.02135777981410762
2022-01-07,2.2414374108302124
2022-01-08,-0.2812554595678283
2022-01-09,-0.8839484781040693
2022-01-10,1.1999907330023702
2022-01-11,1.0827621526057594
2022-01-12,1.5939158218032032
2022-01-13,1.0047919233844298
2022-01-14,1.2034031625374821
2022-01-15,-0.17442775205803
2022-01-16,-0.8650364122561256
2022-01-17,1.6948069045350258
2022-01-18,1.423222229522599
2022-01-19,1.8220757821845803
2022-01-20,1.4847897585627703
2022-01-21,0.5619681799650998
2022-01-22,-0.6264418915166248
2022-01-23,-0.8430053126335015
2022-01-24,1.2668930831981986
2022-01-25,0.5453850277990137
2022-01-26,1.3130014620467494
2022-01-27,1.3440188823164552
2022-01-28,1.219110355341794
2022-01-29,0.9064720160185868
2022-01-30,0.4620595388802529
2022-01-31,-0.9248000869906582
2022-02-01,-0.8437650667947534
2022-02-02,-0.9021978299611539
2022-02-03,-0.9132179368976211
2022-02-04,-0.8637925054273747
2022-02-05,-0.9760802162525275
2022-02-06,-0.9613888669106181
2022-02-07,0.8738667824689117
2022-02-08,1.08553550706817
2022-02-09,1.1963966479624326
2022-02-10,2.0825701974031574
2022-02-11,1.3900405466335561
2022-02-12,-0.8621459206367488
2022-02-13,-0.9278365020728103
2022-02-14,0.8624693796801499
2022-02-15,1.1405298861478042
2022-02-16,1.01786386428972
2022-02-17,-0.3269131242108468
2022-02-18,2.5719617236532395
2022-02-19,-0.5878376273307105
2022-02-20,-0.6996711368088869
2022-02-21,0.5820658533786921
2022-02-22,1.2525968087296555
2022-02-23,1.0880692220911914
2022-02-24,1.7605849347115285
2022-02-25,1.2295561969892903
2022-02-26,-0.7965580066405272
2022-02-27,-0.9930396446740924
2022-02-28,0.8767790014534772
2022-03-01,2.0773323627935585
2022-03-02,1.4154913070754882
2022-03-03,0.5977438082428205
2022-03-04,1.3540037506634668
2022-03-05,-0.8716201662309727
2022-03-06,-0.7872883562664795
2022-03-07,1.2265213959929897
2022-03-08,1.0869800846594637
2022-03-09,0.8884259098854611
2022-03-10,1.0066491421255666
2022-03-11,1.0329567896309109
2022-03-12,-0.9393661752667819
2022-03-13,-1.0816994744291784
2022-03-14,0.5933848822853119
2022-03-15,0.9562276274216761
2022-03-16,1.0447355124704971
2022-03-17,0.6601707523364606
2022-03-18,0.475529633185339
2022-03-19,-0.8858733058456978
2022-03-20,-1.0600533732816628
2022-03-21,0.8572443213751556
2022-03-22,0.9817661242381255
2022-03-23,1.1409832255333432
2022-03-24,1.1763693234847359
2022-03-25,1.3028707275783868
2022-03-26,-0.6531568538175017
2022-03-27,-0.9784640424653724
2022-03-28,0.2281293947490938
2022-03-29,1.4584082117576416
2022-03-30,1.164368343083036
2022-03-31,1.0913022646402297
2022-04-01,0.8511395550609564
2022-04-02,0.289176194626913
2022-04-03,-0.9468935717870453
2022-04-04,-0.9188458870516525
2022-04-05,-0.8982693033396143
2022-04-06,0.4034399353611003
2022-04-07,1.0812686834444334
2022-04-08,1.4187638548882324
2022-04-09,-0.778860045360928
2022-04-10,-0.9759821346304621
2022-04-11,1.3181938375021913
2022-04-12,0.710768199803249
2022-04-13,1.020596155861008
2022-04-14,-0.44209495457131565
2022-04-15,1.0126822790246028
2022-04-16,-1.0650916851189607
2022-04-17,-1.1888507388377958
2022-04-18,0.6168182368654419
2022-04-19,0.7565733281893021
2022-04-20,0.8292992992188718
2022-04-21,0.9797324689231576
2022-04-22,0.7369705681294574
2022-04-23,-0.9860442641006832
2022-04-24,0.04981416163729441
2022-04-25,-0.34263751214822474
2022-04-26,0.19344557117968725
2022-04-27,0.5163979666144587
2022-04-28,0.5452965944520989
2022-04-29,0.3970922969595088
2022-04-30,-1.0318503551996308
2022-05-01,-0.7336844259352711
2022-05-02,-1.0853847215870125
2022-05-03,-1.171373875074024
2022-05-04,-0.8942229975725587
2022-05-05,0.1726059272045587
2022-05-06,0.8444256622165532
2022-05-07,0.7843144241877679
2022-05-08,-1.2804704369484732
2022-05-09,1.3482684496300534
2022-05-10,0.7989158410978288
2022-05-11,0.7681396292608565
2022-05-12,0.858464396114686
2022-05-13,0.6595986817698145
2022-05-14,-1.1838898134774272
2022-05-15,-0.8328330466159735
2022-05-16,0.6857050356581773
2022-05-17,0.5444554371765471
2022-05-18,0.7703230195630311
2022-05-19,0.46422422267958097
2022-05-20,0.6080234995337785
2022-05-21,-0.8867526865820097
2022-05-22,-1.3510664130347705
2022-05-23,0.9776087194931042
2022-05-24,1.5183814832711335
2022-05-25,1.2244744409255706
2022-05-26,1.3648730353289924
2022-05-27,1.0632824739617524
2022-05-28,-1.0759432101704531
2022-05-29,-1.4101063893440782
2022-05-30,1.2831628724297603
2022-05-31,0.8935252155844586
2022-06-01,0.5469335609988024
2022-06-02,1.0341350772338957
2022-06-03,-0.5114081137165195
2022-06-04,-1.2796021444451748
2022-06-05,-1.4374361587061555
2022-06-06,0.39358970602155624
2022-06-07,1.0313426888488921
2022-06-08,0.7600815332122444
2022-06-09,1.0136149015464744
2022-06-10,1.1578457324447675
2022-06-11,-0.7117625445472872
2022-06-12,-1.4920258395659223
2022-06-13,1.1621455871789044
2022-06-14,0.3464783955555183
2022-06-15,0.42476463246581914
2022-06-16,0.4555645316759763
2022-06-17,0.46231514234124677
2022-06-18,-1.273564009964447
2022-06-19,-1.0817201890847246
2022-06-20,0.8893471598136712
2022-06-21,1.3948217239245815
2022-06-22,0.90567542701986
2022-06-23,0.608843721732095
2022-06-24,0.6146253624279755
2022-06-25,-1.3631359008787618
2022-06-26,-1.5169311150568268
2022-06-27,1.035268768957027
2022-06-28,0.6845257680647832
2022-06-29,0.7831258836518342
2022-06-30,0.5499447509286836
2022-07-01,1.1308195393194787
2022-07-02,-1.3763406135385985
2022-07-03,-1.5322989781708736
2022-07-04,0.4775749544595927
2022-07-05,0.4517655994630373
2022-07-06,0.6806992774857885
2022-07-07,0.7129888935411424
2022-07-08,0.6950719995396626
2022-07-09,-1.3862694949256629
2022-07-10,-1.1967011731465818
2022-07-11,0.7661767118525424
2022-07-12,0.5637734403920421
2022-07-13,0.2988763535246764
2022-07-14,0.1092229745196225
2022-07-15,1.0908976908966934
2022-07-16,-1.2417076102578288
2022-07-17,-1.4906055785737191
2022-07-18,1.166403663628745
2022-07-19,0.7145738588278826
2022-07-20,1.0873270625703848
2022-07-21,0.9320762814241057
2022-07-22,0.8959316168383462
2022-07-23,-1.3299864733608913
2022-07-24,-1.5185214943860494
2022-07-25,0.37908650218928425
2022-07-26,0.6038678001814107
2022-07-27,0.12103026896728963
2022-07-28,0.9416691871942248
2022-07-29,1.254003156845914
2022-07-30,-1.3036018975429748
2022-07-31,-1.5742392776875813
2022-08-01,0.1745057088525568
2022-08-02,0.15023022696077387
2022-08-03,0.8718713256311984
2022-08-04,0.5349494144881571
2022-08-05,0.4001183128438275
2022-08-06,-0.7725803814317727
2022-08-07,-1.5060372871987662
2022-08-08,0.9692821435429195
2022-08-09,0.6647297199882011
2022-08-10,0.7436608424519036
2022-08-11,0.22406902279874205
2022-08-12,0.9711637298135398
2022-08-13,-1.443006414830442
2022-08-14,-1.542194141867756
2022-08-15,0.060057694656411365
2022-08-16,0.16457292744621752
2022-08-17,0.10243143899973826
2022-08-18,1.3888273694449362
2022-08-19,1.1143900922680663
2022-08-20,-1.0306634456496389
2022-08-21,-1.3152442712173171
2022-08-22,0.664269656214158
2022-08-23,0.500376995692549
2022-08-24,0.469936796339817
2022-08-25,0.444695314990391
2022-08-26,-0.0960993012763914
2022-08-27,-1.3309120072355716
2022-08-28,-1.607910968059887
2022-08-29,0.15358883090476774
2022-08-30,1.057686043120984
2022-08-31,-0.029849420448097082
2022-09-01,0.16172180350574733
2022-09-02,0.670338908162067
2022-09-03,-1.0336455991844578
2022-09-04,-1.5954653095683262
2022-09-05,0.09333515722004246
2022-09-06,0.7999905702550759
2022-09-07,0.7895866526764939
2022-09-08,0.4636635546139797
2022-09-09,0.9104767316232841
2022-09-10,-1.4290845642138101
2022-09-11,-1.4665002211296068
2022-09-12,-1.6155352085621069
2022-09-13,0.583367377679061
2022-09-14,0.4150798996149515
2022-09-15,0.1390109169405453
2022-09-16,0.0682408174451443
2022-09-17,-1.4082066414028522
2022-09-18,-1.6186210511340222
2022-09-19,0.7144863360146265
2022-09-20,0.5756572329853251
2022-09-21,0.3460830497977611
2022-09-22,0.17978173289314875
2022-09-23,0.13061282101872967
2022-09-24,-1.6081444324492682
2022-09-25,-1.5773076938221893
2022-09-26,0.6911989666805718
2022-09-27,0.29484128554033995
2022-09-28,0.6225019161278466
2022-09-29,0.713520897151334
2022-09-30,0.008816129987194447
2022-10-01,-1.538504705863318
2022-10-02,-1.5006478244727948
2022-10-03,-1.4841234102741292
2022-10-04,-1.578069885709096
2022-10-05,-1.4965211474422724
2022-10-06,-1.4609129599970856
2022-10-07,-1.4232706700074542
2022-10-08,0.07997955148650294
2022-10-09,-0.5565737168327414
2022-10-10,0.053181643946861056
2022-10-11,0.39195756458827774
2022-10-12,0.024283739219929986
2022-10-13,0.25475613175282824
2022-10-14,-0.3907193072906735
2022-10-15,-1.5658107655353077
2022-10-16,-1.57752299206738
2022-10-17,0.16048549050884856
2022-10-18,-0.25925275796710373
2022-10-19,-0.07845833718709813
2022-10-20,-0.029217258004408605
2022-10-21,-0.3366871674103567
2022-10-22,-1.3046190153186379
2022-10-23,-1.6104308492279615
2022-10-24,-0.06357287029650327
2022-10-25,0.38424557137852566
2022-10-26,0.049401609835713386
2022-10-27,-0.0340778537074525
2022-10-28,0.3152797693570273
2022-10-29,-1.522125360995548
2022-10-30,-1.6115055472530202
2022-10-31,0.009382965914535442
2022-11-01,0.37245760937373856
2022-11-02,0.0180101786862065
2022-11-03,-0.26810974279053923
2022-11-04,-0.21929093070619912
2022-11-05,-1.566242824997165
2022-11-06,-1.6025653452160198
2022-11-07,0.5137226465694583
2022-11-08,0.18166057365634936
2022-11-09,0.21322435670382328
2022-11-10,-0.5876129510512614
2022-11-11,0.3473863093661116
2022-11-12,-1.1565968010226477
2022-11-13,-1.514900514795565
2022-11-14,0.14199062261430456
2022-11-15,0.22831440462972002
2022-11-16,0.3389837789795739
2022-11-17,0.07051584178871578
2022-11-18,1.0272879041710201
2022-11-19,-1.4266077033030928
2022-11-20,-1.5019841837403802
2022-11-21,0.063745210887661
2022-11-22,0.17819322771498153
2022-11-23,0.16327544913570283
2022-11-24,-0.043613604161191845
2022-11-25,-0.043266249248005824
2022-11-26,-1.4519175399010418
2022-11-27,-1.5929978961265032
2022-11-28,-0.1660319316991211
2022-11-29,-0.15305728998950968
2022-11-30,0.0299460639690032
2022-12-01,0.24869193380169344
2022-12-02,0.2781709127411362
2022-12-03,-1.215820096053224
2022-12-04,-1.5788736607084735
2022-12-05,0.33734047788535076
2022-12-06,-0.06816898511206167
2022-12-07,-0.0494041457475745
2022-12-08,0.46365115398186263
2022-12-09,0.5005230608237524
2022-12-10,-1.3779708108641846
2022-12-11,-1.568888315009198
2022-12-12,0.13586924692165767
2022-12-13,-0.08225857210537833
2022-12-14,-0.16456095010821575
2022-12-15,-0.23689628348201536
2022-12-16,0.24465050055543397
2022-12-17,-1.3447869808476594
2022-12-18,-1.5781512040004035
2022-12-19,-0.2870827946394636
2022-12-20,0.10715470817543035
2022-12-21,-0.2493093115514045
2022-12-22,0.30166606830124604
2022-12-23,-0.1955375434032438
2022-12-24,-1.4699634495595015
2022-12-25,-1.4236210797583042
2022-12-26,0.3633105748955375
2022-12-27,0.6949543999656489
2022-12-28,0.19956673978908082
2022-12-29,0.2554517056127009
2022-12-30,0.43043746639792435
2022-12-31,-1.5472214015441426
2023-01-01,-1.5601571051006216
2023-01-02,-1.5221036615594297
2023-01-03,0.1635508570147488
2023-01-04,0.0649423275872673
2023-01-05,0.19137675660887005
2023-01-06,-0.06830757732153928
2023-01-07,-1.2959879089565671
2023-01-08,-1.4660951769595438
2023-01-09,0.040088419298126676
2023-01-10,0.21365597044680865
2023-01-11,0.182780117329205
2023-01-12,0.5252224069518122
2023-01-13,0.23937365044406456
2023-01-14,-1.498597772709988
2023-01-15,-1.2069213416074203
2023-01-16,-0.17859090263582258
2023-01-17,0.11141985945373264
2023-01-18,-0.17044576438205777
2023-01-19,-0.12434979193939132
2023-01-20,-0.5402796813291264
2023-01-21,-1.4736128979996006
2023-01-22,-1.5417715283427855
2023-01-23,-1.484814245526472
2023-01-24,-1.444248147466353
2023-01-25,-1.392805022320455
2023-01-26,-1.3487622512619415
2023-01-27,-1.0382698612717507
2023-01-28,-0.39407261038179836
2023-01-29,-0.40498572571299957
2023-01-30,0.45558505012113804
2023-01-31,0.4505128859754527
2023-02-01,0.05716061113126977
2023-02-02,0.28958083689390485
2023-02-03,-0.3109721430443245
2023-02-04,-1.3471758178543134
2023-02-05,-1.4971175003826966
2023-02-06,0.1642771936397265
2023-02-07,0.4720043386807786
2023-02-08,-0.03168884739001568
2023-02-09,0.5184593810318925
2023-02-10,0.6619669392003853
2023-02-11,-1.4352931864733187
2023-02-12,-1.3344741543255536
2023-02-13,0.46284599525175385
2023-02-14,0.15110681517403377
2023-02-15,0.2396314221100777
2023-02-16,0.7559845311416634
2023-02-17,-0.0021024311731571215
2023-02-18,-1.4679662848989743
2023-02-19,-1.333681687358296
2023-02-20,0.47271636360394664
2023-02-21,-0.045298969647932744
2023-02-22,0.8427819688467135
2023-02-23,-0.03421788657377571
2023-02-24,-0.44514585209939583
2023-02-25,-1.001888008506643
2023-02-26,-1.4764232629245
2023-02-27,0.2822602458369499
2023-02-28,0.10181459904221955
2023-03-01,0.7278100016470385
2023-03-02,0.2860912034667246
2023-03-03,0.2619983112618698
2023-03-04,-1.4325749257999183
2023-03-05,-1.4105075841522168
2023-03-06,-0.027837520368192425
2023-03-07,-0.15838220671849104
2023-03-08,-0.19202915715898486
2023-03-09,0.10241071218751562
2023-03-10,0.17278853471283792
2023-03-11,-1.0228037503306617
2023-03-12,-1.3699189045170648
2023-03-13,-0.24745096031346087
2023-03-14,-0.1944482201034108
2023-03-15,0.18766820957175703
2023-03-16,0.44036321285178437
2023-03-17,0.19110370736179702
2023-03-18,-1.332798656004622
2023-03-19,-1.4150513166485348
2023-03-20,0.3870914446002739
2023-03-21,0.3195269562230006
2023-03-22,0.46824901062897956
2023-03-23,0.6438229221362778
2023-03-24,0.30171957240496355
2023-03-25,-1.4037001308615498
2023-03-26,-1.232634535249322
2023-03-27,0.3038294232827437
2023-03-28,0.27102393556364884
2023-03-29,0.20885760861238434
2023-03-30,0.22092287007246186
2023-03-31,0.2727934106677374
2023-04-01,-1.4925846455382505
2023-04-02,-1.1352632422303914
2023-04-03,0.2614377840736242
2023-04-04,0.687328345882289
2023-04-05,-1.0782330796705097
2023-04-06,0.2632177410094947
2023-04-07,-0.1830646461926022
2023-04-08,-1.4926898318675033
2023-04-09,-1.2785402830875678
2023-04-10,1.6559090753827794
2023-04-11,0.2779364204340489
2023-04-12,0.38179632637999733
2023-04-13,0.5867011003486973
2023-04-14,1.0028016936603417
2023-04-15,-1.4739492724220686
2023-04-16,-1.2620870369816768
2023-04-17,0.13089101765118527
2023-04-18,0.29439166025235874
2023-04-19,0.40370443231450115
2023-04-20,0.822713517888084
2023-04-21,0.7010774665736461
2023-04-22,-1.2917717037115126
2023-04-23,-0.1279693521016176
2023-04-24,0.7242595340881852
2023-04-25,0.4350992194338138
2023-04-26,0.2213165688334603
2023-04-27,0.6325176188191332
2023-04-28,0.2897391964632725
2023-04-29,-1.515737982256962
2023-04-30,-1.1663091606307625
2023-05-01,-1.406230484521676
2023-05-02,-1.37360832448539
2023-05-03,-1.4002242507971383
2023-05-04,0.4606770605407434
2023-05-05,0.500359215583712
2023-05-06,-0.023594939277040893
2023-05-07,-1.1890667428186226
2023-05-08,0.437872231840233
2023-05-09,0.3174425304581506
2023-05-10,0.707518602944515
2023-05-11,0.7175238954090708
2023-05-12,1.1586151765991042
2023-05-13,-1.1564763537145848
2023-05-14,-1.4820206363054254
2023-05-15,0.8434429028107833
2023-05-16,0.695393112692068
2023-05-17,0.8264371987992647
2023-05-18,0.4872377119493518
2023-05-19,0.4476898064540635
2023-05-20,-1.4235931415953038
2023-05-21,-1.3059617070685199
2023-05-22,1.326278811493998
2023-05-23,0.26084847606712763
2023-05-24,0.22284955015433902
2023-05-25,-0.4491644733795217
2023-05-26,0.27454532870131765
2023-05-27,-0.9134041383267771
2023-05-28,-1.3484315879938
2023-05-29,1.5432041137329058
2023-05-30,0.5937417944570297
2023-05-31,0.5208344196032751
2023-06-01,1.3356429436599926
2023-06-02,0.6674516967286441
2023-06-03,-0.9565219514410985
2023-06-04,-1.5273034100328513
2023-06-05,0.5660155500938261
2023-06-06,0.13995470298905102
2023-06-07,0.4948904285045823
2023-06-08,0.6240473678965195
2023-06-09,0.46208880883987896
2023-06-10,-1.4831849490957283
2023-06-11,-1.1214766256158313
2023-06-12,0.23126566139340687
2023-06-13,0.3223382254787857
2023-06-14,0.2590984414004192
2023-06-15,1.7884653807569797
2023-06-16,-0.010242112888904484
2023-06-17,-1.0909886590596125
2023-06-18,-1.531597436512067
2023-06-19,1.0163513332335041
2023-06-20,0.10232609593456486
2023-06-21,0.8533354727571407
2023-06-22,-0.8572711127668816
2023-06-23,-1.5463394835485387
2023-06-24,-1.5538427206456882
2023-06-25,1.0512118114517068
2023-06-26,0.25139786730966374
2023-06-27,0.42095189401218513
2023-06-28,0.3711150791637393
2023-06-29,1.6426650079768914
2023-06-30,0.850333649458963
2023-07-01,-0.976593366093372
2023-07-02,-1.5417479870721396
2023-07-03,0.7081142834204451
2023-07-04,0.2551853115525809
2023-07-05,0.4049987055000386
2023-07-06,0.46072711380104797
2023-07-07,0.6112410577914116
2023-07-08,-0.8873310400305202
2023-07-09,-1.5201245763486917
2023-07-10,0.14058192335074654
2023-07-11,0.11742479505422941
2023-07-12,0.23546290426005778
2023-07-13,0.7965606112458393
2023-07-14,0.686567173023976
2023-07-15,-1.5141712549828077
2023-07-16,-1.2933870273582502
2023-07-17,0.8433528566775693
2023-07-18,0.8636871797790879
2023-07-19,0.6283167257791799
2023-07-20,0.1478162630512425
2023-07-21,0.9386000521570096
2023-07-22,-1.115726925099568
2023-07-23,-1.479879591118192
2023-07-24,-0.48540885454970467
2023-07-25,0.1720246559172227
2023-07-26,0.18794114455741748
2023-07-27,-0.25927888651072584
2023-07-28,-0.05621271391832305
2023-07-29,-1.2679488320608585
2023-07-30,-1.5706804455220345
2023-07-31,0.3410968797146865
2023-08-01,0.10761846315408473
2023-08-02,0.07772761416608827
2023-08-03,0.15910585864385954
2023-08-04,0.10970863366474233
2023-08-05,-1.4689686828985646
2023-08-06,-1.4461223440625024
2023-08-07,0.3240529753003602
2023-08-08,0.19284377485743104
2023-08-09,1.152158782898404
2023-08-10,0.46821280171801555
2023-08-11,0.4266086806088557
2023-08-12,-0.9497448790558622
2023-08-13,-1.2122169642465117
2023-08-14,0.6904699264426518
2023-08-15,1.2880881242248354
2023-08-16,0.6231892125255926
2023-08-17,1.0172748485495988
2023-08-18,0.7631103157122613
2023-08-19,-1.1313131415987518
2023-08-20,-1.3877247787969922
2023-08-21,0.33360388158849497
2023-08-22,0.11537499258048324
2023-08-23,0.8283234678204435
2023-08-24,0.24338951337875547
2023-08-25,0.21753294066090756
2023-08-26,-1.2148009664045463
2023-08-27,-1.144260875738576
2023-08-28,0.2509087483060195
2023-08-29,0.9133791953545968
2023-08-30,0.8874699377338384
2023-08-31,0.7253132826821066
2023-09-01,1.0634311620428112
2023-09-02,-0.9945165149383349
2023-09-03,-1.3172109904484595
2023-09-04,-0.1249945656465093
2023-09-05,0.6201252173460546
2023-09-06,0.7228838885792271
2023-09-07,0.3461022620819126
2023-09-08,0.45924583749065245
2023-09-09,-0.7589014998533967
2023-09-10,-1.3353963028485196
2023-09-11,0.6561251863000432
2023-09-12,0.6025467857997928
2023-09-13,0.5919057987137754
2023-09-14,0.795401604178788
2023-09-15,0.7849540918984851
2023-09-16,-1.504948591901499
2023-09-17,-1.3319914202643166
2023-09-18,1.3143888355682678
2023-09-19,1.3455092731784895
2023-09-20,0.8547125802229921
2023-09-21,0.9037844279229046
2023-09-22,1.4207650566028716
2023-09-23,-1.1821536587932284
2023-09-24,-1.5080055905068543
2023-09-25,0.7644213348146076
2023-09-26,0.8280717721475509
2023-09-27,-0.10132201416185506
2023-09-28,0.45353361383851937
2023-09-29,-0.46878788247763215
2023-09-30,-1.5853472223588039
2023-10-01,-1.1715503688516333
2023-10-02,-1.0403805835686533
2023-10-03,-1.4630885637285027
2023-10-04,-1.527559456827235
2023-10-05,-1.320423341329078
2023-10-06,-1.3232316508438262
2023-10-07,-0.08649772419481025
2023-10-08,-0.004772259341395845
2023-10-09,0.014434458016873956
2023-10-10,0.6578724423394492
2023-10-11,1.5924473920256585
2023-10-12,0.9258934335427302
2023-10-13,0.7817903394786889
2023-10-14,-1.0073512452001039
2023-10-15,-1.5364901044058197
2023-10-16,0.28934114052055504
2023-10-17,0.37415029895177954
2023-10-18,0.23413588799341373
2023-10-19,0.6556581781015237
2023-10-20,1.0460778905851698
2023-10-21,-0.6275990876658629
2023-10-22,-1.3737491284541326
2023-10-23,0.7213743870032089
2023-10-24,0.3250924329297453
2023-10-25,0.7754643369459455
2023-10-26,0.4192048795440638
2023-10-27,1.7500954567853961
2023-10-28,-1.4615131513236326
2023-10-29,-1.0469189183463083
2023-10-30,1.2795815800450645
2023-10-31,0.7932777765418649
2023-11-01,0.8526011080377879
2023-11-02,0.8582530026030366
2023-11-03,0.7031980470774623
2023-11-04,-1.0465976313264307
2023-11-05,-1.598032328682708
2023-11-06,0.6606909759698295
2023-11-07,0.9838683187437792
2023-11-08,1.179139548264739
2023-11-09,0.6477445451295774
2023-11-10,0.9524663179254437
2023-11-11,-1.3174125096737335
2023-11-12,-0.7915320046457438
2023-11-13,1.146162877219021
2023-11-14,0.3729208242431959
2023-11-15,1.6140870857000376
2023-11-16,1.7392178729351184
2023-11-17,0.5449829829713353
2023-11-18,-1.1982107718467447
2023-11-19,-1.128298177069991
2023-11-20,1.4595283573406166
2023-11-21,0.9034204780410341
2023-11-22,1.250087514029666
2023-11-23,1.1486141911657455
2023-11-24,0.22830512588726373
2023-11-25,-1.3434521063243896
2023-11-26,-1.1448128356382148
2023-11-27,0.9337801268429997
2023-11-28,0.6815043975967064
2023-11-29,1.0709926040070046
2023-11-30,1.7101740730487134
2023-12-01,0.9289100084468797
2023-12-02,-1.2518112576078286
2023-12-03,-1.2272006115942518
2023-12-04,0.5155609778169801
2023-12-05,0.7069366743504172
2023-12-06,1.1404265121248367
2023-12-07,1.2290915190887488
2023-12-08,1.7552606190461528
2023-12-09,-0.7637330996553285
2023-12-10,-0.3046065366125557
2023-12-11,0.6139744208020304
2023-12-12,1.2907664691342737
2023-12-13,0.4851337235350043
2023-12-14,1.3094466224596506
2023-12-15,-0.9033337852689688
2023-12-16,0.3474029775947417
2023-12-17,-1.3390822306889627
2023-12-18,2.0979337247609573
2023-12-19,1.5454773282163983
2023-12-20,1.662006809378164
2023-12-21,0.25766830408868946
2023-12-22,0.04447273423172958
2023-12-23,-1.6975188192950292
2023-12-24,-1.6472897804650584
2023-12-25,-1.0581240958739833
2023-12-26,-1.1941366905796833
2023-12-27,-1.020373370718529
2023-12-28,-1.2279206479719953
2023-12-29,-0.9660861634923626
2023-12-30,-1.4343680081970573
2023-12-31,-1.5320109662127082
2024-01-01,-1.5837887075725254
2024-01-02,-1.1769588344763164
2024-01-03,-1.174560215567766
2024-01-04,-1.0528315039155207
2024-01-05,-0.9532751014223598
2024-01-06,-1.5813536585715773
2024-01-07,-1.0482800780261607
2024-01-08,-0.9658565355150315
2024-01-09,-0.693868161008219
2024-01-10,-1.0236182322549772
2024-01-11,-1.1061210885915649
2024-01-12,-1.222257407860163
2024-01-13,-1.522507708218759
2024-01-14,-1.5595682629768006
2024-01-15,-1.1606965879345703
2024-01-16,-1.0484922844444517
2024-01-17,-0.9654708791272484
2024-01-18,-0.6995446673457502
2024-01-19,-1.2129295438633318
2024-01-20,-1.3603780484878152
2024-01-21,-1.4812495845437814
2024-01-22,-0.9458981782819524
2024-01-23,-1.0906623694900224
2024-01-24,-0.8778782650952485
2024-01-25,-1.0539024933749441
2024-01-26,-0.8377250650019356
2024-01-27,-1.370978832366722
2024-01-28,-1.2021765224857572
2024-01-29,-0.9395830775350629
2024-01-30,-1.0754456589278818
2024-01-31,-0.7123331291641062
2024-02-01,-1.131007816501589
2024-02-02,-1.0076366214170456
2024-02-03,-1.4428265261496396
2024-02-04,-0.895735117016004
2024-02-05,-1.0275604363564068
2024-02-06,-1.1757420987696163
2024-02-07,-1.0753669261261423
2024-02-08,-0.8902671061542605
2024-02-09,-1.3152725499747546
2024-02-11,-1.3996657885688597
2024-02-12,-1.2997056607736996
2024-02-13,-1.3561062489603177
2024-02-14,-1.346026472496481
2024-02-15,-1.1979535991560144
2024-02-16,-1.3554407306688887
2024-02-17,-1.3326942966072954
2024-02-18,-1.1815489611544023
2024-02-19,-1.0064233632298023
2024-02-20,-0.7209971897202956
2024-02-21,-0.7955813784656592
2024-02-22,-0.9181447833584094
2024-02-23,-0.9955314345361582
2024-02-24,-1.2472631249317596
2024-02-25,-1.3069783572246452
2024-02-26,-0.9233342485545671
2024-02-27,-0.8158398246287192
2024-02-28,-0.8999531195074614
2024-02-29,-0.7182124391419674
2024-03-01,-0.8410535080259302
2024-03-02,-1.1601194192759186
2024-03-03,-1.2876138776943264
2024-03-04,-0.7409622681269827
2024-03-05,-0.8969617439083226
2024-03-06,-1.0297230195582752
2024-03-07,-0.7685900017722754
2024-03-08,-0.6688185350692477
2024-03-09,-1.0286650736870504
2024-03-10,-1.0476466753679723
2024-03-11,-0.8653806539216519
2024-03-12,-0.8222556282244847
2024-03-13,-0.7273199199466555
2024-03-14,-0.6499832841145791
2024-03-15,-0.7830218043559561
2024-03-16,-1.2215237244174313
2024-03-17,-1.2158920570578589
2024-03-18,-0.8168524563929589
2024-03-19,-0.7554907171721965
2024-03-20,-0.8956791089701549
2024-03-21,-0.6857947941165227
2024-03-22,-0.6812449261855819
2024-03-23,-1.1630382471391518
2024-03-24,-1.1353101637759477
2024-03-25,-0.8213522721555958
2024-03-26,-1.0221954483607967
2024-03-27,-0.8171294392040924
2024-03-28,-0.5049398067188022
2024-03-29,-0.4039798167580497
2024-03-30,-0.9788136752815534
2024-03-31,-1.0734894952488603
2024-04-01,-0.6419589689343327
2024-04-02,-0.7061293572389071
2024-04-03,-0.5720354646685828
2024-04-04,-0.9996292359324844
2024-04-05,-0.4257848596840266
2024-04-06,-0.9886287332386506
2024-04-07,-0.703472654661068
2024-04-08,-0.7045242881839835
2024-04-09,-0.5668112015392912
2024-04-10,-0.40656416064221007
2024-04-11,-0.5867069382299395
2024-04-12,-0.6449505637005157
2024-04-13,-1.1101088649943505
2024-04-14,-1.0826493917962616
2024-04-15,-0.7192391143231699
2024-04-16,-0.6741179853746706
2024-04-17,-0.6331246377573488
2024-04-18,-0.7803841648097326
2024-04-19,-0.7092621313583001
2024-04-20,-1.0476755016640817
2024-04-21,-1.077225391642721
2024-04-22,-0.5356441093224952
2024-04-23,-0.7057030975115475
2024-04-24,-0.40149630768800615
2024-04-25,-0.727058378203971
2024-04-26,-0.556642388542348
2024-04-27,-1.0522304726368723
2024-04-28,-0.5447050405582764
2024-04-29,-0.6245941803530035
2024-04-30,-0.6844455516560372
2024-05-01,-0.8049537616517171
2024-05-02,-1.0345503659951496
2024-05-03,-0.773436933419684
2024-05-04,-1.0055519112938345
2024-05-05,-1.0178287873445315
2024-05-06,-0.6410074470796223
2024-05-07,-0.6732918506750124
2024-05-08,-0.4444381244147831
2024-05-09,-0.5368732901317225
2024-05-10,-0.3461840587912776
2024-05-11,-0.7200990646234895
2024-05-12,-0.9914178078602396
2024-05-13,-0.49328929757889156
2024-05-14,-0.5616265781546529
2024-05-15,-0.7564930306527479
2024-05-16,-0.6323176705332602
2024-05-17,-0.4852866314044358
2024-05-18,-0.9652091818388246
2024-05-19,-0.7564241551100959
2024-05-20,-0.3056107689820196
2024-05-21,-0.2904787441955251
2024-05-22,-0.4044492543409107
2024-05-23,-0.6155101016698779
2024-05-24,-0.6216984225863701
2024-05-25,-0.7002711685114422
2024-05-26,-0.771446044471386
2024-05-27,-0.4837089816083814
2024-05-28,-0.45600701604772703
2024-05-29,-0.43280043620611025
2024-05-30,-0.5625937706516099
2024-05-31,-0.5636714404128425
2024-06-01,-0.6211572937934805
2024-06-02,-0.867357851992097
2024-06-03,-0.4330206729826695
2024-06-04,-0.5336417841543871
2024-06-05,-0.5467987413215925
2024-06-06,0.0220222790464597
2024-06-07,-0.40607914519070887
2024-06-08,-0.901841820835677
2024-06-11,-0.47697342966381034
2024-06-12,-0.14267409536655826
2024-06-13,-0.44449131958456367
2024-06-14,-0.38749227153953375
2024-06-15,-0.6092150964378638
2024-06-16,-0.7643251520980602
2024-06-17,-0.2958198820341949
2024-06-19,-0.4520422821605184
2024-06-20,-0.5019121207343716
2024-06-21,-0.3170904844577499
2024-06-22,-0.605166429614765
2024-06-23,-0.5079813758791952
2024-06-24,-0.5068803338150144
2024-06-25,-0.1476510673179642
2024-06-26,-0.35277480071789213
2024-06-27,-0.5386900207782147
2024-06-28,-0.30107729963812996
2024-06-29,-0.8311324828852235
2024-06-30,-0.8012827469825252
2024-07-01,-0.3831162767829629
2024-07-02,-0.4369005273640568
2024-07-03,-0.4465915494030013
2024-07-04,-0.46396194778454597
2024-07-05,-0.42259635097299536
2024-07-06,-0.8082740782766027
2024-07-07,-0.8451136579816445
2024-07-08,-0.48365832236067263
2024-07-09,-0.2922349469408091
2024-07-10,-0.3364227099148705
2024-07-11,-0.6066459415443642
2024-07-12,-0.4660672502469647
2024-07-13,-0.44990443468206154
2024-07-14,-0.8300079300193886
2024-07-15,-0.33857787734401684
2024-07-16,-0.3495012791645065
2024-07-17,-0.2795854170805059
2024-07-18,-0.44411519228686086
2024-07-19,-0.32290862719094077
2024-07-20,-0.30639223814938626
2024-07-21,-0.769877072388489
2024-07-22,-0.2668641126144057
2024-07-23,-0.22443985943088202
2024-07-24,-0.3101552973500717
2024-07-25,-0.3935106574595028
2024-07-26,-0.2940246132398773
2024-07-27,-0.8032205216057132
2024-07-28,-0.770640290426925
2024-07-29,-0.03116084648451632
2024-07-30,-0.35134741151472226
2024-07-31,-0.2518923828291522
2024-08-01,0.06115567726445241
2024-08-02,-0.29613956118214646
2024-08-03,-0.7501764629062826
2024-08-04,-0.7951181898417875
2024-08-05,-0.18985496449874434
2024-08-06,-0.07748288088285986
2024-08-07,-0.01597428485844632
2024-08-08,-0.0763200840781329
2024-08-09,-0.23997184159313237
2024-08-10,-0.6871828030307001
2024-08-11,-0.6125979028796642
2024-08-12,-0.15453695977350315
2024-08-13,0.22571808752284875
2024-08-14,-0.29701097101072105
2024-08-15,0.06278735046217093
2024-08-16,-0.49887552651868955
2024-08-17,-0.2831248645368749
2024-08-18,-0.8344571766439276
2024-08-19,-0.27397100683762105
2024-08-20,-0.15786081423454598
2024-08-21,-0.1127017055336726
2024-08-22,-0.3730772040521456
2024-08-23,0.02106380065270219
2024-08-24,-0.3998995986467666
2024-08-25,-0.67393107587485
2024-08-26,0.2183277443378438
2024-08-27,0.0917922901973974
2024-08-28,1.087625978622059
2024-08-29,0.37925058684780566
2024-08-30,-0.15573559547336419
2024-08-31,-1.0718709018575563
2024-09-02,-0.002960528776961113
2024-09-03,0.922722428480269
2024-09-04,1.9279906305922125
2024-09-05,1.2002586627071576
2024-09-06,0.2809067773295972
2024-09-07,-0.20456100554400614
2024-09-08,-1.3318056474975297
2024-09-09,1.9356992292131092
2024-09-10,0.9490214450419815
2024-09-11,0.14587799351988692
2024-09-12,0.20518861801644775
2024-09-13,1.5750023706430112
2024-09-14,0.06606185679847318
2024-09-15,0.21979979049233275
2024-09-16,-1.3086409689294718
2024-09-17,-1.676402034085617
2024-09-18,0.5226325433585998
2024-09-19,1.2736398472128603
2024-09-20,0.9567952156842929
2024-09-21,-0.3323166138458091
2024-09-22,-0.3299110072965084
2024-09-23,1.1956310044543546
2024-09-24,1.0302232153444733
2024-09-25,0.8483163585419594
2024-09-26,1.3410162325161055
2024-09-27,-0.051126951676998406
2024-09-28,-0.9756957896173174
2024-09-29,-0.7873537177956599
2024-09-30,-0.4513176868696784
2024-10-01,-1.707407404085589
2024-10-02,-1.6917431815859252
2024-10-03,-1.677339697631969
2024-10-04,-1.679068189214057
2024-10-05,-1.6627120942622435
2024-10-07,-1.5664817022160387
2024-10-08,0.13407295437148453
2024-10-09,-0.1185966362439307
2024-10-10,0.7026436492443013
2024-10-11,0.9743428563317434
2024-10-12,0.21948099943111732
2024-10-13,-0.5045861693078938
2024-10-14,0.856748188085904
2024-10-15,-0.03490884802396498
2024-10-16,0.1867375240158423
2024-10-17,0.18643213467445646
2024-10-18,0.4925391552222558
2024-10-19,-1.663085144752106
2024-10-20,-1.6464823808289084
2024-10-21,0.579297402211167
2024-10-22,1.0611331413702667
2024-10-23,0.14884321821926516
2024-10-24,1.8757111523585162
2024-10-25,0.03205442134940308
2024-10-26,-1.3152100680254788
2024-10-27,-1.6124174919199603
2024-10-28,0.3100278422786731
2024-10-29,1.4308532278235966
2024-10-30,0.2348126418489117
2024-10-31,1.107789082506359
2024-11-01,2.532224041304467
2024-11-02,-1.6981418768323422
2024-11-03,-0.8690559932969255
2024-11-04,2.1718219583281098
2024-11-05,0.04823009935380832
2024-11-06,-0.20546563069146634
2024-11-07,0.32702750628604954
2024-11-08,0.15903986839852094
2024-11-09,1.2271716261951302
2024-11-10,-1.2882807293274525
2024-11-11,0.19481659840653143
2024-11-12,0.7214910136452488
2024-11-13,0.8295915946135006
2024-11-14,1.26925733896299
2024-11-15,1.73107170163249
2024-11-16,1.4453944523402498
2024-11-17,-0.9874033277805432
2024-11-18,2.3653848824103787
2024-11-19,1.2444393018501332
2024-11-20,0.9175823327665501
2024-11-21,1.8654097775048706
2024-11-22,0.1419394340977528
2024-11-23,-0.25233016259953206
2024-11-24,-0.7843128522174103
2024-11-25,1.656916572788969
2024-11-26,1.1542896226687558
2024-11-27,1.6134326267538452
2024-11-28,1.171984001803702
2024-11-29,2.7105496384475827
2024-11-30,0.3673517325855171
2024-12-01,-1.2548758283229449
2024-12-02,0.6094937470336054
2024-12-03,0.6345672748711965
2024-12-04,0.776304692483662
2024-12-05,0.5385089025601981
2024-12-06,0.9315956730829961
2024-12-07,-0.376213960839316
2024-12-08,-1.4854326809393428
2024-12-09,1.0629361325485822
2024-12-10,0.43178626006544346
2024-12-11,1.5704660898510565
2024-12-12,0.8023885079004074
2024-12-13,0.9907837219857627
2024-12-14,-0.009882515038323067
2024-12-15,-1.2763480349102623
2024-12-16,1.6933717169041649
2024-12-17,0.7230592169197736
2024-12-18,1.1797241291541545
2024-12-19,1.909137446381105
2024-12-20,1.0342096795489695
2024-12-21,0.7203672047074543
2024-12-22,-0.33137408097458904
2024-12-23,0.2691474010539048
2024-12-24,1.1622151589064194
2024-12-25,1.73261099173036
2024-12-26,1.9502001564780465
2024-12-27,1.3592507174376385
2024-12-28,0.9419371599332873
2024-12-29,-1.5879090632480595
2024-12-30,-0.3316228270865297
2024-12-31,1.092693251177702
2025-01-01,-0.7427127483334889
